{"v":"5.6.10","fr":60,"ip":0,"op":180,"w":360,"h":200,"nm":"CPU Cooler 2","ddd":0,"assets":[],"layers":[{"ddd":0,"ind":1,"ty":4,"nm":"形状图层 1","sr":1,"ks":{"o":{"a":0,"k":100,"ix":11},"r":{"a":0,"k":0,"ix":10},"p":{"a":0,"k":[180,100,0],"ix":2},"a":{"a":0,"k":[0,0,0],"ix":1},"s":{"a":0,"k":[100,100,100],"ix":6}},"ao":0,"shapes":[],"ip":0,"op":300,"st":0,"bm":0},{"ddd":0,"ind":2,"ty":4,"nm":"形状结合备份","sr":1,"ks":{"o":{"a":0,"k":100,"ix":11},"r":{"a":0,"k":0,"ix":10},"p":{"a":0,"k":[184,103.75,0],"ix":2},"a":{"a":0,"k":[0,0,0],"ix":1},"s":{"a":0,"k":[118.421,118.421,100],"ix":6}},"ao":0,"hasMask":true,"masksProperties":[{"inv":false,"mode":"a","pt":{"a":1,"k":[{"i":{"x":0.833,"y":0.833},"o":{"x":0.167,"y":0.167},"t":0,"s":[{"i":[[0,0],[0,0],[0,0],[0,0]],"o":[[0,0],[0,0],[0,0],[0,0]],"v":[[-14,10.25],[-14,24.75],[14,24.75],[14.001,10.25]],"c":true}]},{"i":{"x":0.833,"y":0.833},"o":{"x":0.167,"y":0.167},"t":30,"s":[{"i":[[0,0],[0,0],[0,0],[0,0]],"o":[[0,0],[0,0],[0,0],[0,0]],"v":[[-14,-12.05],[-14,24.75],[14,24.75],[14.001,-12.05]],"c":true}]},{"i":{"x":0.833,"y":0.833},"o":{"x":0.167,"y":0.167},"t":60,"s":[{"i":[[0,0],[0,0],[0,0],[0,0]],"o":[[0,0],[0,0],[0,0],[0,0]],"v":[[-14,10.25],[-14,24.75],[14,24.75],[14.001,10.25]],"c":true}]},{"i":{"x":0.833,"y":0.833},"o":{"x":0.167,"y":0.167},"t":90,"s":[{"i":[[0,0],[0,0],[0,0],[0,0]],"o":[[0,0],[0,0],[0,0],[0,0]],"v":[[-13.933,-12.894],[-14,24.75],[14,24.75],[14.068,-12.894]],"c":true}]},{"i":{"x":0.833,"y":0.833},"o":{"x":0.167,"y":0.167},"t":120,"s":[{"i":[[0,0],[0,0],[0,0],[0,0]],"o":[[0,0],[0,0],[0,0],[0,0]],"v":[[-14,10.25],[-14,24.75],[14,24.75],[14.001,10.25]],"c":true}]},{"i":{"x":0.833,"y":0.833},"o":{"x":0.167,"y":0.167},"t":150,"s":[{"i":[[0,0],[0,0],[0,0],[0,0]],"o":[[0,0],[0,0],[0,0],[0,0]],"v":[[-14,-12.05],[-14,24.75],[14,24.75],[14.001,-12.05]],"c":true}]},{"t":180,"s":[{"i":[[0,0],[0,0],[0,0],[0,0]],"o":[[0,0],[0,0],[0,0],[0,0]],"v":[[-14,10.25],[-14,24.75],[14,24.75],[14.001,10.25]],"c":true}]}],"ix":1},"o":{"a":0,"k":100,"ix":3},"x":{"a":0,"k":0,"ix":4},"nm":"蒙版 1"}],"shapes":[{"ty":"gr","it":[{"d":1,"ty":"el","s":{"a":0,"k":[28,28],"ix":2},"p":{"a":0,"k":[0,10.75],"ix":3},"nm":"椭圆路径 1","mn":"ADBE Vector Shape - Ellipse","hd":false},{"ty":"rc","d":1,"s":{"a":0,"k":[12,29],"ix":2},"p":{"a":0,"k":[0,-10.25],"ix":3},"r":{"a":0,"k":5.5,"ix":4},"nm":"矩形路径 1","mn":"ADBE Vector Shape - Rect","hd":false},{"ty":"mm","mm":2,"nm":"合并路径 1","mn":"ADBE Vector Filter - Merge","hd":false},{"ty":"fl","c":{"a":0,"k":[0.517647058824,0.764705882353,1,1],"ix":4},"o":{"a":0,"k":100,"ix":5},"r":1,"bm":0,"nm":"填充 1","mn":"ADBE Vector Graphic - Fill","hd":false},{"ty":"tr","p":{"a":0,"k":[0,0],"ix":2},"a":{"a":0,"k":[0,0],"ix":1},"s":{"a":0,"k":[100,100],"ix":3},"r":{"a":0,"k":0,"ix":6},"o":{"a":0,"k":100,"ix":7},"sk":{"a":0,"k":0,"ix":4},"sa":{"a":0,"k":0,"ix":5},"nm":"变换"}],"nm":"形状结合备份","np":4,"cix":2,"bm":0,"ix":1,"mn":"ADBE Vector Group","hd":false}],"ip":0,"op":300,"st":0,"bm":0},{"ddd":0,"ind":3,"ty":4,"nm":"形状结合","sr":1,"ks":{"o":{"a":0,"k":100,"ix":11},"r":{"a":0,"k":0,"ix":10},"p":{"a":0,"k":[184,103.75,0],"ix":2},"a":{"a":0,"k":[0,0,0],"ix":1},"s":{"a":0,"k":[118.421,118.421,100],"ix":6}},"ao":0,"shapes":[{"ty":"gr","it":[{"d":1,"ty":"el","s":{"a":0,"k":[28,28],"ix":2},"p":{"a":0,"k":[0,10.75],"ix":3},"nm":"椭圆路径 1","mn":"ADBE Vector Shape - Ellipse","hd":false},{"ty":"rc","d":1,"s":{"a":0,"k":[12,29],"ix":2},"p":{"a":0,"k":[0,-10.25],"ix":3},"r":{"a":0,"k":5.5,"ix":4},"nm":"矩形路径 1","mn":"ADBE Vector Shape - Rect","hd":false},{"ty":"mm","mm":2,"nm":"合并路径 1","mn":"ADBE Vector Filter - Merge","hd":false},{"ty":"fl","c":{"a":0,"k":[1,1,1,1],"ix":4},"o":{"a":0,"k":100,"ix":5},"r":1,"bm":0,"nm":"填充 1","mn":"ADBE Vector Graphic - Fill","hd":false},{"ty":"tr","p":{"a":0,"k":[0,0],"ix":2},"a":{"a":0,"k":[0,0],"ix":1},"s":{"a":0,"k":[100,100],"ix":3},"r":{"a":0,"k":0,"ix":6},"o":{"a":0,"k":100,"ix":7},"sk":{"a":0,"k":0,"ix":4},"sa":{"a":0,"k":0,"ix":5},"nm":"变换"}],"nm":"形状结合","np":4,"cix":2,"bm":0,"ix":1,"mn":"ADBE Vector Group","hd":false}],"ip":0,"op":300,"st":0,"bm":0},{"ddd":0,"ind":4,"ty":4,"nm":"形状结合","sr":1,"ks":{"o":{"a":0,"k":100,"ix":11},"r":{"a":0,"k":0,"ix":10},"p":{"a":0,"k":[184,103,0],"ix":2},"a":{"a":0,"k":[0,0,0],"ix":1},"s":{"a":0,"k":[118.421,118.421,100],"ix":6}},"ao":0,"shapes":[{"ty":"gr","it":[{"d":1,"ty":"el","s":{"a":0,"k":[38,38],"ix":2},"p":{"a":0,"k":[0,11],"ix":3},"nm":"椭圆路径 1","mn":"ADBE Vector Shape - Ellipse","hd":false},{"ty":"rc","d":1,"s":{"a":0,"k":[22,36],"ix":2},"p":{"a":0,"k":[0,-12],"ix":3},"r":{"a":0,"k":57.5,"ix":4},"nm":"矩形路径 1","mn":"ADBE Vector Shape - Rect","hd":false},{"ty":"mm","mm":2,"nm":"合并路径 1","mn":"ADBE Vector Filter - Merge","hd":false},{"ty":"gf","o":{"a":0,"k":100,"ix":10},"r":1,"bm":0,"g":{"p":3,"k":{"a":0,"k":[0,0.337,0.667,1,0.5,0.229,0.6,0.965,1,0.122,0.533,0.929],"ix":9}},"s":{"a":0,"k":[0,-30],"ix":5},"e":{"a":0,"k":[0,30],"ix":6},"t":1,"nm":"Gradient Fill 1","mn":"ADBE Vector Graphic - G-Fill","hd":false},{"ty":"tr","p":{"a":0,"k":[0,0],"ix":2},"a":{"a":0,"k":[0,0],"ix":1},"s":{"a":0,"k":[100,100],"ix":3},"r":{"a":0,"k":0,"ix":6},"o":{"a":0,"k":100,"ix":7},"sk":{"a":0,"k":0,"ix":4},"sa":{"a":0,"k":0,"ix":5},"nm":"变换"}],"nm":"形状结合","np":4,"cix":2,"bm":0,"ix":1,"mn":"ADBE Vector Group","hd":false}],"ip":0,"op":300,"st":0,"bm":0},{"ddd":0,"ind":5,"ty":4,"nm":"路径 9","sr":1,"ks":{"o":{"a":0,"k":33.333,"ix":11},"r":{"a":0,"k":0,"ix":10},"p":{"a":0,"k":[164.306,101.232,0],"ix":2},"a":{"a":0,"k":[0,0,0],"ix":1},"s":{"a":0,"k":[-82.024,82.024,100],"ix":6}},"ao":0,"shapes":[{"ty":"gr","it":[{"ind":0,"ty":"sh","ix":1,"ks":{"a":0,"k":{"i":[[0,0],[0.25,0.1],[0,0],[0,0],[0,0],[0,0],[-0.67,0.23],[0.11,0.36],[0.16,0.09],[0.16,-0.06],[0.72,-0.78],[0,0],[0,0],[0,0],[0,0],[0,0],[0,0],[-0.99,-0.33],[-0.16,0.09],[-0.05,0.18],[0.34,0.12],[0.52,0.5],[0,0],[0,0],[0,0],[0.17,0.33],[0.17,0.04],[0.16,-0.09],[0,0],[0,0],[-0.14,0.7],[0.11,0.15],[0.18,0.03],[0.07,-0.39],[-0.3,-1.01],[0,0],[0,0],[0,0],[0,0],[0,0],[-0.79,0.69],[0.24,0.28],[0.28,-0.24],[0.66,-0.19],[0,0],[0,0],[0.37,0],[0,-0.39],[0,0],[0,0],[0.52,0.49],[0.23,-0.26],[-0.22,-0.27],[-1.01,-0.24],[0,0],[0,0],[0,0],[0,0],[0,0],[0.19,1.04],[0.37,-0.08],[-0.08,-0.39],[0.17,-0.71],[0,0],[0,0],[0,0],[0.17,-0.05],[0.09,-0.15],[-0.31,-0.19],[0,0],[0,0],[0.67,-0.22],[-0.12,-0.36],[-0.34,0.13],[-0.71,0.79],[0,0],[0,0],[0,0],[0,0],[0,0],[0,0],[0.99,0.36],[0.16,-0.08],[0.05,-0.17],[-0.34,-0.12],[-0.51,-0.5],[0,0],[0,0],[0,0],[-0.17,-0.33],[-0.32,0.2],[0,0],[0,0],[0.16,-0.72],[-0.1,-0.16],[-0.18,-0.03],[-0.08,0.38],[0.34,1.02],[0,0],[0,0],[0,0],[0,0],[0,0],[0.77,-0.71],[-0.24,-0.29],[-0.28,0.25],[-0.67,0.2],[0,0],[0,0],[-0.38,0],[0,0.38],[0,0],[0,0],[-0.51,-0.47],[-0.25,0.07],[-0.04,0.27],[0.22,0.15],[1,0.25],[0,0],[0,0],[0,0],[0,0],[0,0],[-0.21,-1.04],[-0.15,-0.1],[-0.17,0.03],[0.08,0.37],[-0.15,0.7],[0,0],[0,0],[0,0],[-0.24,0.12],[0.01,0.27]],"o":[[-0.01,-0.27],[0,0],[0,0],[0,0],[0,0],[0.51,-0.5],[0.34,-0.12],[-0.06,-0.18],[-0.16,-0.08],[-0.99,0.34],[0,0],[0,0],[0,0],[0,0],[0,0],[0,0],[0.71,0.79],[0.17,0.06],[0.16,-0.09],[0.11,-0.36],[-0.68,-0.22],[0,0],[0,0],[0,0],[0.32,-0.19],[-0.09,-0.16],[-0.18,-0.05],[0,0],[0,0],[-0.17,-0.69],[0.03,-0.19],[-0.1,-0.16],[-0.37,-0.08],[-0.2,1.04],[0,0],[0,0],[0,0],[0,0],[0,0],[1,-0.26],[0.27,-0.25],[-0.25,-0.28],[-0.52,0.48],[0,0],[0,0],[0,-0.39],[-0.38,0],[0,0],[0,0],[-0.68,-0.2],[-0.28,-0.19],[-0.22,0.27],[0.77,0.71],[0,0],[0,0],[0,0],[0,0],[0,0],[0.29,-1.01],[-0.07,-0.39],[-0.37,0.08],[0.16,0.71],[0,0],[0,0],[0,0],[-0.16,-0.09],[-0.17,0.05],[-0.16,0.33],[0,0],[0,0],[-0.52,0.5],[-0.35,0.12],[0.12,0.36],[1,-0.33],[0,0],[0,0],[0,0],[0,0],[0,0],[0,0],[-0.72,-0.77],[-0.17,-0.05],[-0.17,0.08],[-0.11,0.36],[0.67,0.23],[0,0],[0,0],[0,0],[-0.32,0.18],[0.2,0.33],[0,0],[0,0],[0.18,0.71],[-0.03,0.18],[0.1,0.16],[0.37,0.07],[0.21,-1.05],[0,0],[0,0],[0,0],[0,0],[0,0],[-1.01,0.23],[-0.27,0.25],[0.24,0.28],[0.52,-0.48],[0,0],[0,0],[0,0.38],[0.37,0],[0,0],[0,0],[0.65,0.2],[0.17,0.21],[0.26,-0.07],[0.04,-0.27],[-0.78,-0.7],[0,0],[0,0],[0,0],[0,0],[0,0],[-0.31,1.02],[0.03,0.18],[0.15,0.1],[0.36,-0.1],[-0.15,-0.7],[0,0],[0,0],[0,0],[0.21,0.17],[0.24,-0.13],[0,0]],"v":[[11.125,6.118],[10.705,5.498],[10.665,5.478],[10.695,5.458],[8.195,4.008],[8.225,3.978],[10.035,2.868],[10.455,2.008],[10.115,1.598],[9.605,1.568],[6.995,3.278],[6.985,3.298],[6.965,3.278],[1.325,-0.012],[1.365,-0.032],[6.965,-3.302],[6.985,-3.282],[9.595,-1.572],[10.125,-1.622],[10.455,-2.042],[10.035,-2.912],[8.205,-4.022],[8.175,-4.052],[8.205,-4.072],[10.715,-5.522],[10.965,-6.452],[10.555,-6.772],[10.035,-6.702],[7.505,-5.232],[7.495,-5.272],[7.455,-7.412],[7.345,-7.942],[6.905,-8.242],[6.105,-7.682],[6.255,-4.542],[6.265,-4.522],[6.245,-4.512],[0.615,-1.202],[0.615,-7.802],[0.635,-7.802],[3.365,-9.252],[3.415,-10.222],[2.475,-10.292],[0.675,-9.262],[0.635,-9.242],[0.635,-12.182],[-0.035,-12.882],[-0.715,-12.182],[-0.715,-9.242],[-0.745,-9.262],[-2.575,-10.312],[-3.465,-10.192],[-3.465,-9.262],[-0.735,-7.822],[-0.715,-7.822],[-0.715,-1.212],[-0.755,-1.242],[-6.405,-4.532],[-6.405,-4.552],[-6.245,-7.692],[-7.055,-8.252],[-7.595,-7.412],[-7.605,-5.242],[-7.615,-5.212],[-7.645,-5.222],[-10.125,-6.682],[-10.645,-6.752],[-11.055,-6.432],[-10.785,-5.512],[-8.245,-4.052],[-8.275,-4.022],[-10.095,-2.912],[-10.515,-2.032],[-9.665,-1.602],[-7.045,-3.312],[-7.035,-3.322],[-7.015,-3.312],[-1.385,-0.022],[-1.425,0.008],[-7.065,3.268],[-7.085,3.258],[-9.695,1.538],[-10.205,1.578],[-10.545,1.978],[-10.125,2.848],[-8.315,3.958],[-8.285,3.988],[-8.315,4.008],[-10.775,5.468],[-11.035,6.408],[-10.105,6.648],[-7.565,5.178],[-7.555,5.218],[-7.525,7.408],[-7.415,7.938],[-6.975,8.238],[-6.165,7.678],[-6.355,4.508],[-6.355,4.488],[-6.335,4.468],[-0.665,1.168],[-0.665,7.768],[-0.685,7.778],[-3.415,9.218],[-3.465,10.198],[-2.525,10.258],[-0.705,9.208],[-0.665,9.198],[-0.665,12.188],[0.015,12.878],[0.685,12.188],[0.685,9.248],[0.725,9.258],[2.505,10.278],[3.205,10.508],[3.695,9.938],[3.395,9.248],[0.675,7.798],[0.655,7.798],[0.655,1.198],[0.695,1.228],[6.345,4.508],[6.335,4.528],[6.185,7.678],[6.475,8.128],[6.985,8.228],[7.485,7.408],[7.485,5.258],[7.495,5.218],[7.525,5.238],[10.025,6.688],[10.755,6.768],[11.125,6.118]],"c":true},"ix":2},"nm":"路径 1","mn":"ADBE Vector Shape - Group","hd":false},{"ty":"fl","c":{"a":0,"k":[0.517647058824,0.764705942191,1,1],"ix":4},"o":{"a":0,"k":100,"ix":5},"r":1,"bm":0,"nm":"填充 1","mn":"ADBE Vector Graphic - Fill","hd":false},{"ty":"tr","p":{"a":0,"k":[0,0],"ix":2},"a":{"a":0,"k":[0,0],"ix":1},"s":{"a":0,"k":[100,100],"ix":3},"r":{"a":0,"k":0,"ix":6},"o":{"a":0,"k":100,"ix":7},"sk":{"a":0,"k":0,"ix":4},"sa":{"a":0,"k":0,"ix":5},"nm":"变换"}],"nm":"路径","np":2,"cix":2,"bm":0,"ix":1,"mn":"ADBE Vector Group","hd":false}],"ip":0,"op":300,"st":0,"bm":0},{"ddd":0,"ind":6,"ty":4,"nm":"椭圆形备份 17","sr":1,"ks":{"o":{"a":0,"k":100,"ix":11},"r":{"a":0,"k":0,"ix":10},"p":{"a":0,"k":[184,102,0],"ix":2},"a":{"a":0,"k":[0,0,0],"ix":1},"s":{"a":0,"k":[100,100,100],"ix":6}},"ao":0,"shapes":[{"ty":"gr","it":[{"d":1,"ty":"el","s":{"a":0,"k":[116,116],"ix":2},"p":{"a":0,"k":[0,0],"ix":3},"nm":"椭圆路径 1","mn":"ADBE Vector Shape - Ellipse","hd":false},{"ty":"fl","c":{"a":0,"k":[0.866666666667,0.933333333333,1,1],"ix":4},"o":{"a":0,"k":100,"ix":5},"r":1,"bm":0,"nm":"填充 1","mn":"ADBE Vector Graphic - Fill","hd":false},{"ty":"tr","p":{"a":0,"k":[0,0],"ix":2},"a":{"a":0,"k":[0,0],"ix":1},"s":{"a":0,"k":[100,100],"ix":3},"r":{"a":0,"k":0,"ix":6},"o":{"a":0,"k":100,"ix":7},"sk":{"a":0,"k":0,"ix":4},"sa":{"a":0,"k":0,"ix":5},"nm":"变换"}],"nm":"椭圆形备份 17","np":2,"cix":2,"bm":0,"ix":1,"mn":"ADBE Vector Group","hd":false}],"ip":0,"op":300,"st":0,"bm":0},{"ddd":0,"ind":7,"ty":4,"nm":"椭圆形备份","sr":1,"ks":{"o":{"a":0,"k":100,"ix":11},"r":{"a":0,"k":0,"ix":10},"p":{"a":0,"k":[184,102,0],"ix":2},"a":{"a":0,"k":[0,0,0],"ix":1},"s":{"a":0,"k":[100,100,100],"ix":6}},"ao":0,"shapes":[{"ty":"gr","it":[{"d":1,"ty":"el","s":{"a":0,"k":[136,136],"ix":2},"p":{"a":0,"k":[0,0],"ix":3},"nm":"椭圆路径 1","mn":"ADBE Vector Shape - Ellipse","hd":false},{"ty":"st","c":{"a":0,"k":[0.121568627451,0.533333333333,0.929411764706,1],"ix":3},"o":{"a":0,"k":100,"ix":4},"w":{"a":0,"k":6,"ix":5},"lc":1,"lj":1,"ml":4,"bm":0,"nm":"描边 1","mn":"ADBE Vector Graphic - Stroke","hd":false},{"ty":"tr","p":{"a":0,"k":[0,0],"ix":2},"a":{"a":0,"k":[0,0],"ix":1},"s":{"a":0,"k":[100,100],"ix":3},"r":{"a":0,"k":0,"ix":6},"o":{"a":0,"k":100,"ix":7},"sk":{"a":0,"k":0,"ix":4},"sa":{"a":0,"k":0,"ix":5},"nm":"变换"}],"nm":"椭圆形备份","np":2,"cix":2,"bm":0,"ix":1,"mn":"ADBE Vector Group","hd":false},{"ty":"tm","s":{"a":0,"k":0,"ix":1},"e":{"a":1,"k":[{"i":{"x":[0.833],"y":[0.833]},"o":{"x":[0.167],"y":[0.167]},"t":0,"s":[0]},{"i":{"x":[0.833],"y":[0.833]},"o":{"x":[0.167],"y":[0.167]},"t":61,"s":[100]},{"i":{"x":[0.833],"y":[0.833]},"o":{"x":[0.167],"y":[0.167]},"t":62,"s":[0]},{"i":{"x":[0.833],"y":[0.833]},"o":{"x":[0.167],"y":[0.167]},"t":120,"s":[99]},{"i":{"x":[0.833],"y":[0.833]},"o":{"x":[0.167],"y":[0.167]},"t":121,"s":[0]},{"t":180,"s":[100]}],"ix":2},"o":{"a":0,"k":0,"ix":3},"m":1,"ix":2,"nm":"修剪路径 1","mn":"ADBE Vector Filter - Trim","hd":false}],"ip":0,"op":300,"st":0,"bm":0},{"ddd":0,"ind":8,"ty":4,"nm":"椭圆形","sr":1,"ks":{"o":{"a":0,"k":100,"ix":11},"r":{"a":0,"k":0,"ix":10},"p":{"a":0,"k":[184,102,0],"ix":2},"a":{"a":0,"k":[0,0,0],"ix":1},"s":{"a":0,"k":[100,100,100],"ix":6}},"ao":0,"shapes":[{"ty":"gr","it":[{"d":1,"ty":"el","s":{"a":0,"k":[136,136],"ix":2},"p":{"a":0,"k":[0,0],"ix":3},"nm":"椭圆路径 1","mn":"ADBE Vector Shape - Ellipse","hd":false},{"ty":"st","c":{"a":0,"k":[0.866666726505,0.933333393172,1,1],"ix":3},"o":{"a":0,"k":100,"ix":4},"w":{"a":0,"k":6,"ix":5},"lc":1,"lj":1,"ml":4,"bm":0,"nm":"描边 1","mn":"ADBE Vector Graphic - Stroke","hd":false},{"ty":"tr","p":{"a":0,"k":[0,0],"ix":2},"a":{"a":0,"k":[0,0],"ix":1},"s":{"a":0,"k":[100,100],"ix":3},"r":{"a":0,"k":0,"ix":6},"o":{"a":0,"k":100,"ix":7},"sk":{"a":0,"k":0,"ix":4},"sa":{"a":0,"k":0,"ix":5},"nm":"变换"}],"nm":"椭圆形","np":2,"cix":2,"bm":0,"ix":1,"mn":"ADBE Vector Group","hd":false}],"ip":0,"op":300,"st":0,"bm":0},{"ddd":0,"ind":9,"ty":4,"nm":"路径 5","sr":1,"ks":{"o":{"a":1,"k":[{"i":{"x":[0.833],"y":[0.833]},"o":{"x":[0.167],"y":[0.167]},"t":0,"s":[0]},{"i":{"x":[0.833],"y":[0.833]},"o":{"x":[0.167],"y":[0.167]},"t":28,"s":[100]},{"i":{"x":[0.833],"y":[0.833]},"o":{"x":[0.167],"y":[0.167]},"t":30,"s":[0]},{"i":{"x":[0.833],"y":[0.833]},"o":{"x":[0.167],"y":[0.167]},"t":72,"s":[0]},{"i":{"x":[0.833],"y":[0.833]},"o":{"x":[0.167],"y":[0.167]},"t":100,"s":[100]},{"t":102,"s":[0]}],"ix":11},"r":{"a":0,"k":0,"ix":10},"p":{"a":1,"k":[{"i":{"x":0.833,"y":0.833},"o":{"x":0.167,"y":0.167},"t":0,"s":[139.521,118.635,0],"to":[-21.667,12.25,0],"ti":[0,0,0]},{"i":{"x":0.833,"y":0.833},"o":{"x":0.167,"y":0.167},"t":30,"s":[9.521,192.135,0],"to":[0,0,0],"ti":[0,0,0]},{"i":{"x":0.833,"y":0.833},"o":{"x":0.167,"y":0.167},"t":72,"s":[139.521,118.635,0],"to":[0,0,0],"ti":[21.667,-12.25,0]},{"t":102,"s":[9.521,192.135,0]}],"ix":2},"a":{"a":0,"k":[0,0,0],"ix":1},"s":{"a":0,"k":[-70.328,70.328,100],"ix":6}},"ao":0,"shapes":[{"ty":"gr","it":[{"ind":0,"ty":"sh","ix":1,"ks":{"a":0,"k":{"i":[[0,0],[0.21,0.08],[0,0],[0,0],[0,0],[0,0],[-0.56,0.18],[0.1,0.28],[0.13,0.06],[0.14,-0.05],[0.6,-0.61],[0,0],[0,0],[0,0],[0,0],[0,0],[0,0],[-0.83,-0.26],[-0.14,0.07],[-0.04,0.14],[0.29,0.1],[0.43,0.4],[0,0],[0,0],[0,0],[0.14,0.26],[0.15,0.03],[0.12,-0.07],[0,0],[0,0],[-0.11,0.56],[0.09,0.12],[0.15,0.03],[0.05,-0.31],[-0.24,-0.8],[0,0],[0,0],[0,0],[0,0],[0,0],[-0.65,0.54],[0.2,0.23],[0.24,-0.19],[0.56,-0.16],[0,0],[0,0],[0.31,0],[0,-0.3],[0,0],[0,0],[0.44,0.38],[0.18,-0.21],[-0.19,-0.2],[-0.85,-0.18],[0,0],[0,0],[0,0],[0,0],[0,0],[0.15,0.82],[0.31,-0.06],[-0.06,-0.31],[0.13,-0.57],[0,0],[0,0],[0,0],[0.15,-0.03],[0.07,-0.13],[-0.25,-0.14],[0,0],[0,0],[0.56,-0.17],[-0.09,-0.29],[-0.29,0.1],[-0.6,0.62],[0,0],[0,0],[0,0],[0,0],[0,0],[0,0],[0.82,0.28],[0.14,-0.07],[0.05,-0.14],[-0.29,-0.1],[-0.43,-0.39],[0,0],[0,0],[0,0],[-0.15,-0.26],[-0.27,0.16],[0,0],[0,0],[0.14,-0.57],[-0.09,-0.12],[-0.15,-0.03],[-0.06,0.3],[0.28,0.81],[0,0],[0,0],[0,0],[0,0],[0,0],[0.64,-0.57],[-0.2,-0.23],[-0.23,0.19],[-0.56,0.16],[0,0],[0,0],[-0.31,0],[0,0.31],[0,0],[0,0],[-0.43,-0.37],[-0.22,0.05],[-0.03,0.21],[0.19,0.12],[0.84,0.2],[0,0],[0,0],[0,0],[0,0],[0,0],[-0.17,-0.83],[-0.13,-0.08],[-0.14,0.03],[0.06,0.29],[-0.13,0.56],[0,0],[0,0],[0,0],[-0.19,0.1],[0.01,0.21]],"o":[[-0.01,-0.22],[0,0],[0,0],[0,0],[0,0],[0.42,-0.4],[0.29,-0.1],[-0.04,-0.14],[-0.13,-0.07],[-0.82,0.27],[0,0],[0,0],[0,0],[0,0],[0,0],[0,0],[0.59,0.62],[0.14,0.05],[0.13,-0.07],[0.1,-0.28],[-0.56,-0.17],[0,0],[0,0],[0,0],[0.26,-0.15],[-0.08,-0.12],[-0.14,-0.04],[0,0],[0,0],[-0.14,-0.55],[0.03,-0.15],[-0.08,-0.13],[-0.31,-0.06],[-0.17,0.82],[0,0],[0,0],[0,0],[0,0],[0,0],[0.83,-0.2],[0.23,-0.2],[-0.21,-0.22],[-0.43,0.38],[0,0],[0,0],[0,-0.3],[-0.31,0],[0,0],[0,0],[-0.57,-0.16],[-0.23,-0.16],[-0.19,0.21],[0.64,0.57],[0,0],[0,0],[0,0],[0,0],[0,0],[0.25,-0.81],[-0.06,-0.31],[-0.31,0.06],[0.13,0.56],[0,0],[0,0],[0,0],[-0.13,-0.07],[-0.14,0.04],[-0.13,0.26],[0,0],[0,0],[-0.43,0.39],[-0.29,0.1],[0.11,0.29],[0.83,-0.26],[0,0],[0,0],[0,0],[0,0],[0,0],[0,0],[-0.61,-0.61],[-0.14,-0.05],[-0.13,0.06],[-0.09,0.28],[0.55,0.18],[0,0],[0,0],[0,0],[-0.26,0.15],[0.16,0.26],[0,0],[0,0],[0.16,0.56],[-0.03,0.15],[0.09,0.13],[0.31,0.06],[0.18,-0.84],[0,0],[0,0],[0,0],[0,0],[0,0],[-0.85,0.19],[-0.23,0.2],[0.21,0.22],[0.44,-0.38],[0,0],[0,0],[0,0.31],[0.31,0],[0,0],[0,0],[0.55,0.15],[0.14,0.17],[0.21,-0.06],[0.04,-0.22],[-0.65,-0.55],[0,0],[0,0],[0,0],[0,0],[0,0],[-0.26,0.81],[0.03,0.14],[0.12,0.08],[0.3,-0.07],[-0.13,-0.55],[0,0],[0,0],[0,0],[0.17,0.14],[0.2,-0.1],[0,0]],"v":[[9.269,4.842],[8.919,4.352],[8.889,4.342],[8.909,4.322],[6.829,3.172],[6.859,3.152],[8.359,2.272],[8.709,1.592],[8.429,1.272],[7.999,1.242],[5.829,2.592],[5.819,2.612],[5.799,2.602],[1.109,-0.008],[1.139,-0.028],[5.809,-2.608],[5.819,-2.598],[7.999,-1.248],[8.439,-1.278],[8.709,-1.618],[8.359,-2.308],[6.839,-3.188],[6.809,-3.208],[6.839,-3.218],[8.929,-4.368],[9.139,-5.108],[8.789,-5.358],[8.369,-5.308],[6.259,-4.138],[6.249,-4.168],[6.209,-5.868],[6.119,-6.288],[5.759,-6.528],[5.089,-6.078],[5.209,-3.598],[5.219,-3.578],[5.199,-3.568],[0.509,-0.948],[0.509,-6.178],[0.529,-6.178],[2.799,-7.318],[2.849,-8.098],[2.059,-8.148],[0.559,-7.328],[0.529,-7.318],[0.529,-9.648],[-0.031,-10.198],[-0.591,-9.648],[-0.591,-7.318],[-0.621,-7.328],[-2.151,-8.158],[-2.881,-8.068],[-2.881,-7.338],[-0.611,-6.198],[-0.601,-6.188],[-0.601,-0.968],[-0.631,-0.978],[-5.341,-3.588],[-5.341,-3.598],[-5.201,-6.088],[-5.881,-6.528],[-6.331,-5.868],[-6.331,-4.148],[-6.341,-4.128],[-6.371,-4.138],[-8.441,-5.288],[-8.871,-5.348],[-9.211,-5.088],[-8.991,-4.368],[-6.871,-3.208],[-6.901,-3.178],[-8.411,-2.308],[-8.771,-1.608],[-8.051,-1.268],[-5.871,-2.618],[-5.861,-2.638],[-5.841,-2.628],[-1.151,-0.018],[-1.181,0.002],[-5.891,2.592],[-5.901,2.582],[-8.081,1.222],[-8.511,1.252],[-8.791,1.572],[-8.431,2.262],[-6.921,3.132],[-6.901,3.152],[-6.931,3.172],[-8.981,4.322],[-9.191,5.072],[-8.421,5.262],[-6.301,4.102],[-6.301,4.132],[-6.271,5.862],[-6.181,6.282],[-5.811,6.522],[-5.141,6.082],[-5.291,3.562],[-5.301,3.552],[-5.281,3.542],[-0.551,0.922],[-0.551,6.152],[-0.571,6.152],[-2.841,7.302],[-2.891,8.072],[-2.111,8.122],[-0.581,7.292],[-0.551,7.282],[-0.551,9.642],[0.009,10.202],[0.569,9.642],[0.569,7.322],[0.599,7.332],[2.089,8.132],[2.679,8.322],[3.079,7.872],[2.829,7.322],[0.559,6.172],[0.539,6.172],[0.539,0.952],[0.579,0.972],[5.289,3.572],[5.279,3.582],[5.149,6.082],[5.399,6.432],[5.819,6.512],[6.239,5.862],[6.239,4.162],[6.249,4.132],[6.269,4.142],[8.359,5.292],[8.959,5.352],[9.269,4.842]],"c":true},"ix":2},"nm":"路径 1","mn":"ADBE Vector Shape - Group","hd":false},{"ty":"fl","c":{"a":0,"k":[0.725490196078,0.854901960784,0.98431372549,1],"ix":4},"o":{"a":0,"k":100,"ix":5},"r":1,"bm":0,"nm":"填充 1","mn":"ADBE Vector Graphic - Fill","hd":false},{"ty":"tr","p":{"a":0,"k":[0,0],"ix":2},"a":{"a":0,"k":[0,0],"ix":1},"s":{"a":0,"k":[100,100],"ix":3},"r":{"a":0,"k":0,"ix":6},"o":{"a":0,"k":100,"ix":7},"sk":{"a":0,"k":0,"ix":4},"sa":{"a":0,"k":0,"ix":5},"nm":"变换"}],"nm":"路径","np":2,"cix":2,"bm":0,"ix":1,"mn":"ADBE Vector Group","hd":false}],"ip":0,"op":300,"st":0,"bm":0},{"ddd":0,"ind":10,"ty":4,"nm":"路径 4","sr":1,"ks":{"o":{"a":1,"k":[{"i":{"x":[0.833],"y":[0.833]},"o":{"x":[0.167],"y":[0.167]},"t":0,"s":[0]},{"i":{"x":[0.833],"y":[0.833]},"o":{"x":[0.167],"y":[0.167]},"t":27,"s":[100]},{"i":{"x":[0.833],"y":[0.833]},"o":{"x":[0.167],"y":[0.167]},"t":30,"s":[0]},{"i":{"x":[0.833],"y":[0.833]},"o":{"x":[0.167],"y":[0.167]},"t":60,"s":[0]},{"i":{"x":[0.833],"y":[0.833]},"o":{"x":[0.167],"y":[0.167]},"t":87,"s":[100]},{"i":{"x":[0.833],"y":[0.833]},"o":{"x":[0.167],"y":[0.167]},"t":90,"s":[0]},{"i":{"x":[0.833],"y":[0.833]},"o":{"x":[0.167],"y":[0.167]},"t":120,"s":[0]},{"i":{"x":[0.833],"y":[0.833]},"o":{"x":[0.167],"y":[0.167]},"t":147,"s":[100]},{"t":150,"s":[0]}],"ix":11},"r":{"a":0,"k":0,"ix":10},"p":{"a":1,"k":[{"i":{"x":0.833,"y":0.833},"o":{"x":0.167,"y":0.167},"t":0,"s":[161.01,76.052,0],"to":[-26.75,14.875,0],"ti":[0,0,0]},{"i":{"x":0.833,"y":0.833},"o":{"x":0.167,"y":0.167},"t":30,"s":[0.51,165.302,0],"to":[0,0,0],"ti":[0.083,-0.167,0]},{"i":{"x":0.833,"y":0.833},"o":{"x":0.167,"y":0.167},"t":60,"s":[161.01,76.052,0],"to":[-0.083,0.167,0],"ti":[0,0,0]},{"i":{"x":0.833,"y":0.833},"o":{"x":0.167,"y":0.167},"t":90,"s":[0.01,166.302,0],"to":[0,0,0],"ti":[0,0.167,0]},{"i":{"x":0.833,"y":0.833},"o":{"x":0.167,"y":0.167},"t":120,"s":[161.01,76.052,0],"to":[0,-0.167,0],"ti":[26.833,-14.875,0]},{"t":150,"s":[0.01,165.302,0]}],"ix":2},"a":{"a":0,"k":[0,0,0],"ix":1},"s":{"a":0,"k":[-100,100,100],"ix":6}},"ao":0,"shapes":[{"ty":"gr","it":[{"ind":0,"ty":"sh","ix":1,"ks":{"a":0,"k":{"i":[[0,0],[0.15,0.06],[0,0],[0,0],[0,0],[0,0],[-0.39,0.13],[0.06,0.21],[0.09,0.05],[0.1,-0.04],[0.42,-0.44],[0,0],[0,0],[0,0],[0,0],[0,0],[0,0],[-0.58,-0.19],[-0.09,0.06],[-0.03,0.11],[0.2,0.07],[0.3,0.29],[0,0],[0,0],[0,0],[0.1,0.19],[0.11,0.02],[0.09,-0.06],[0,0],[0,0],[-0.08,0.4],[0.06,0.09],[0.1,0.02],[0.04,-0.22],[-0.17,-0.58],[0,0],[0,0],[0,0],[0,0],[0,0],[-0.46,0.4],[0.14,0.16],[0.17,-0.14],[0.39,-0.12],[0,0],[0,0],[0.22,0],[0,-0.22],[0,0],[0,0],[0.3,0.28],[0.13,-0.15],[-0.13,-0.15],[-0.59,-0.13],[0,0],[0,0],[0,0],[0,0],[0,0],[0.11,0.6],[0.22,-0.05],[-0.05,-0.22],[0.1,-0.41],[0,0],[0,0],[0,0],[0.1,-0.03],[0.05,-0.1],[-0.18,-0.1],[0,0],[0,0],[0.39,-0.13],[-0.07,-0.21],[-0.2,0.07],[-0.42,0.45],[0,0],[0,0],[0,0],[0,0],[0,0],[0,0],[0.57,0.2],[0.1,-0.05],[0.03,-0.1],[-0.2,-0.07],[-0.3,-0.29],[0,0],[0,0],[0,0],[-0.11,-0.19],[-0.19,0.11],[0,0],[0,0],[0.09,-0.41],[-0.06,-0.09],[-0.11,-0.02],[-0.04,0.22],[0.2,0.59],[0,0],[0,0],[0,0],[0,0],[0,0],[0.45,-0.41],[-0.14,-0.17],[-0.17,0.14],[-0.39,0.11],[0,0],[0,0],[-0.22,0],[0,0.22],[0,0],[0,0],[-0.3,-0.27],[-0.15,0.04],[-0.03,0.16],[0.13,0.09],[0.59,0.14],[0,0],[0,0],[0,0],[0,0],[0,0],[-0.13,-0.6],[-0.09,-0.05],[-0.11,0.02],[0.04,0.21],[-0.09,0.41],[0,0],[0,0],[0,0],[-0.13,0.07],[0,0.15]],"o":[[-0.01,-0.16],[0,0],[0,0],[0,0],[0,0],[0.3,-0.29],[0.2,-0.07],[-0.03,-0.1],[-0.09,-0.05],[-0.58,0.2],[0,0],[0,0],[0,0],[0,0],[0,0],[0,0],[0.42,0.45],[0.1,0.04],[0.1,-0.05],[0.06,-0.2],[-0.39,-0.13],[0,0],[0,0],[0,0],[0.18,-0.11],[-0.06,-0.09],[-0.1,-0.03],[0,0],[0,0],[-0.1,-0.4],[0.02,-0.11],[-0.06,-0.09],[-0.22,-0.04],[-0.11,0.6],[0,0],[0,0],[0,0],[0,0],[0,0],[0.58,-0.14],[0.16,-0.14],[-0.14,-0.16],[-0.3,0.28],[0,0],[0,0],[0,-0.22],[-0.22,0],[0,0],[0,0],[-0.39,-0.12],[-0.17,-0.11],[-0.13,0.15],[0.45,0.41],[0,0],[0,0],[0,0],[0,0],[0,0],[0.17,-0.59],[-0.04,-0.22],[-0.21,0.04],[0.09,0.41],[0,0],[0,0],[0,0],[-0.09,-0.05],[-0.1,0.03],[-0.09,0.18],[0,0],[0,0],[-0.3,0.29],[-0.2,0.07],[0.07,0.21],[0.59,-0.2],[0,0],[0,0],[0,0],[0,0],[0,0],[0,0],[-0.43,-0.44],[-0.1,-0.04],[-0.09,0.04],[-0.07,0.2],[0.4,0.13],[0,0],[0,0],[0,0],[-0.18,0.11],[0.11,0.18],[0,0],[0,0],[0.11,0.41],[-0.02,0.11],[0.06,0.09],[0.22,0.04],[0.13,-0.61],[0,0],[0,0],[0,0],[0,0],[0,0],[-0.59,0.14],[-0.16,0.15],[0.14,0.16],[0.3,-0.28],[0,0],[0,0],[0,0.22],[0.21,0],[0,0],[0,0],[0.38,0.11],[0.1,0.13],[0.15,-0.05],[0.02,-0.16],[-0.45,-0.4],[0,0],[0,0],[0,0],[0,0],[0,0],[-0.18,0.59],[0.02,0.1],[0.08,0.06],[0.2,-0.05],[-0.09,-0.4],[0,0],[0,0],[0,0],[0.12,0.1],[0.14,-0.07],[0,0]],"v":[[6.49,3.523],[6.24,3.163],[6.22,3.153],[6.24,3.143],[4.78,2.303],[4.8,2.293],[5.85,1.653],[6.1,1.153],[5.9,0.923],[5.6,0.903],[4.08,1.883],[4.07,1.893],[4.06,1.893],[0.77,-0.007],[0.8,-0.017],[4.06,-1.897],[4.07,-1.887],[5.6,-0.907],[5.9,-0.937],[6.1,-1.177],[5.85,-1.677],[4.79,-2.317],[4.77,-2.327],[4.79,-2.347],[6.25,-3.177],[6.4,-3.717],[6.15,-3.897],[5.85,-3.857],[4.38,-3.017],[4.37,-3.037],[4.35,-4.267],[4.29,-4.577],[4.03,-4.747],[3.56,-4.427],[3.65,-2.617],[3.65,-2.607],[3.64,-2.597],[0.36,-0.687],[0.36,-4.487],[0.37,-4.497],[1.96,-5.327],[1.99,-5.887],[1.44,-5.927],[0.39,-5.327],[0.37,-5.327],[0.37,-7.017],[-0.02,-7.417],[-0.42,-7.017],[-0.42,-5.327],[-0.44,-5.327],[-1.5,-5.937],[-2.02,-5.867],[-2.02,-5.337],[-0.43,-4.507],[-0.42,-4.497],[-0.42,-0.697],[-0.44,-0.717],[-3.74,-2.607],[-3.74,-2.617],[-3.64,-4.427],[-4.12,-4.747],[-4.43,-4.267],[-4.44,-3.017],[-4.44,-2.997],[-4.46,-3.007],[-5.91,-3.847],[-6.21,-3.887],[-6.45,-3.697],[-6.29,-3.177],[-4.81,-2.327],[-4.83,-2.317],[-5.89,-1.677],[-6.14,-1.167],[-5.64,-0.917],[-4.11,-1.907],[-4.1,-1.917],[-4.09,-1.907],[-0.81,-0.007],[-0.83,0.003],[-4.12,1.883],[-4.13,1.873],[-5.65,0.893],[-5.96,0.913],[-6.15,1.143],[-5.91,1.643],[-4.85,2.283],[-4.83,2.293],[-4.85,2.303],[-6.29,3.143],[-6.43,3.693],[-5.89,3.833],[-4.41,2.983],[-4.41,3.003],[-4.39,4.263],[-4.33,4.573],[-4.07,4.743],[-3.6,4.423],[-3.71,2.593],[-3.71,2.583],[-3.7,2.573],[-0.39,0.673],[-0.39,4.473],[-0.4,4.473],[-1.99,5.303],[-2.02,5.873],[-1.47,5.903],[-0.41,5.303],[-0.39,5.293],[-0.39,7.013],[0.01,7.413],[0.4,7.013],[0.4,5.323],[0.42,5.333],[1.46,5.913],[1.87,6.053],[2.16,5.723],[1.98,5.323],[0.39,4.493],[0.38,4.483],[0.38,0.693],[0.4,0.703],[3.7,2.593],[3.7,2.603],[3.61,4.423],[3.78,4.673],[4.08,4.733],[4.37,4.263],[4.37,3.023],[4.37,3.003],[4.39,3.013],[5.85,3.853],[6.27,3.893],[6.49,3.523]],"c":true},"ix":2},"nm":"路径 1","mn":"ADBE Vector Shape - Group","hd":false},{"ty":"fl","c":{"a":0,"k":[0.121568634931,0.533333333333,0.929411824544,1],"ix":4},"o":{"a":0,"k":100,"ix":5},"r":1,"bm":0,"nm":"填充 1","mn":"ADBE Vector Graphic - Fill","hd":false},{"ty":"tr","p":{"a":0,"k":[0,0],"ix":2},"a":{"a":0,"k":[0,0],"ix":1},"s":{"a":0,"k":[100,100],"ix":3},"r":{"a":0,"k":0,"ix":6},"o":{"a":0,"k":100,"ix":7},"sk":{"a":0,"k":0,"ix":4},"sa":{"a":0,"k":0,"ix":5},"nm":"变换"}],"nm":"路径","np":2,"cix":2,"bm":0,"ix":1,"mn":"ADBE Vector Group","hd":false}],"ip":0,"op":300,"st":0,"bm":0},{"ddd":0,"ind":11,"ty":4,"nm":"路径 3","sr":1,"ks":{"o":{"a":1,"k":[{"i":{"x":[0.833],"y":[0.833]},"o":{"x":[0.167],"y":[0.167]},"t":0,"s":[0]},{"i":{"x":[0.833],"y":[0.833]},"o":{"x":[0.167],"y":[0.167]},"t":27,"s":[100]},{"i":{"x":[0.833],"y":[0.833]},"o":{"x":[0.167],"y":[0.167]},"t":30,"s":[0]},{"i":{"x":[0.833],"y":[0.833]},"o":{"x":[0.167],"y":[0.167]},"t":78,"s":[0]},{"i":{"x":[0.833],"y":[0.833]},"o":{"x":[0.167],"y":[0.167]},"t":105,"s":[100]},{"t":108,"s":[0]}],"ix":11},"r":{"a":0,"k":0,"ix":10},"p":{"a":1,"k":[{"i":{"x":0.833,"y":0.833},"o":{"x":0.167,"y":0.167},"t":0,"s":[183.021,148.517,0],"to":[-8.917,6.417,0],"ti":[0,0,0]},{"i":{"x":0.833,"y":0.833},"o":{"x":0.167,"y":0.167},"t":30,"s":[129.521,187.017,0],"to":[0,0,0],"ti":[0,0,0]},{"i":{"x":0.833,"y":0.833},"o":{"x":0.167,"y":0.167},"t":78,"s":[183.021,148.517,0],"to":[0,0,0],"ti":[8.917,-6.417,0]},{"t":108,"s":[129.521,187.017,0]}],"ix":2},"a":{"a":0,"k":[0,0,0],"ix":1},"s":{"a":0,"k":[-82.024,82.024,100],"ix":6}},"ao":0,"shapes":[{"ty":"gr","it":[{"ind":0,"ty":"sh","ix":1,"ks":{"a":0,"k":{"i":[[0,0],[0.25,0.1],[0,0],[0,0],[0,0],[0,0],[-0.67,0.23],[0.11,0.36],[0.16,0.09],[0.16,-0.06],[0.72,-0.78],[0,0],[0,0],[0,0],[0,0],[0,0],[0,0],[-0.99,-0.33],[-0.16,0.09],[-0.05,0.18],[0.34,0.12],[0.52,0.5],[0,0],[0,0],[0,0],[0.17,0.33],[0.17,0.04],[0.16,-0.09],[0,0],[0,0],[-0.14,0.7],[0.11,0.15],[0.18,0.03],[0.07,-0.39],[-0.3,-1.01],[0,0],[0,0],[0,0],[0,0],[0,0],[-0.79,0.69],[0.24,0.28],[0.28,-0.24],[0.66,-0.19],[0,0],[0,0],[0.37,0],[0,-0.39],[0,0],[0,0],[0.52,0.49],[0.23,-0.26],[-0.22,-0.27],[-1.01,-0.24],[0,0],[0,0],[0,0],[0,0],[0,0],[0.19,1.04],[0.37,-0.08],[-0.08,-0.39],[0.17,-0.71],[0,0],[0,0],[0,0],[0.17,-0.05],[0.09,-0.15],[-0.31,-0.19],[0,0],[0,0],[0.67,-0.22],[-0.12,-0.36],[-0.34,0.13],[-0.71,0.79],[0,0],[0,0],[0,0],[0,0],[0,0],[0,0],[0.99,0.36],[0.16,-0.08],[0.05,-0.17],[-0.34,-0.12],[-0.51,-0.5],[0,0],[0,0],[0,0],[-0.17,-0.33],[-0.32,0.2],[0,0],[0,0],[0.16,-0.72],[-0.1,-0.16],[-0.18,-0.03],[-0.08,0.38],[0.34,1.02],[0,0],[0,0],[0,0],[0,0],[0,0],[0.77,-0.71],[-0.24,-0.29],[-0.28,0.25],[-0.67,0.2],[0,0],[0,0],[-0.38,0],[0,0.38],[0,0],[0,0],[-0.51,-0.47],[-0.25,0.07],[-0.04,0.27],[0.22,0.15],[1,0.25],[0,0],[0,0],[0,0],[0,0],[0,0],[-0.21,-1.04],[-0.15,-0.1],[-0.17,0.03],[0.08,0.37],[-0.15,0.7],[0,0],[0,0],[0,0],[-0.24,0.12],[0.01,0.27]],"o":[[-0.01,-0.27],[0,0],[0,0],[0,0],[0,0],[0.51,-0.5],[0.34,-0.12],[-0.06,-0.18],[-0.16,-0.08],[-0.99,0.34],[0,0],[0,0],[0,0],[0,0],[0,0],[0,0],[0.71,0.79],[0.17,0.06],[0.16,-0.09],[0.11,-0.36],[-0.68,-0.22],[0,0],[0,0],[0,0],[0.32,-0.19],[-0.09,-0.16],[-0.18,-0.05],[0,0],[0,0],[-0.17,-0.69],[0.03,-0.19],[-0.1,-0.16],[-0.37,-0.08],[-0.2,1.04],[0,0],[0,0],[0,0],[0,0],[0,0],[1,-0.26],[0.27,-0.25],[-0.25,-0.28],[-0.52,0.48],[0,0],[0,0],[0,-0.39],[-0.38,0],[0,0],[0,0],[-0.68,-0.2],[-0.28,-0.19],[-0.22,0.27],[0.77,0.71],[0,0],[0,0],[0,0],[0,0],[0,0],[0.29,-1.01],[-0.07,-0.39],[-0.37,0.08],[0.16,0.71],[0,0],[0,0],[0,0],[-0.16,-0.09],[-0.17,0.05],[-0.16,0.33],[0,0],[0,0],[-0.52,0.5],[-0.35,0.12],[0.12,0.36],[1,-0.33],[0,0],[0,0],[0,0],[0,0],[0,0],[0,0],[-0.72,-0.77],[-0.17,-0.05],[-0.17,0.08],[-0.11,0.36],[0.67,0.23],[0,0],[0,0],[0,0],[-0.32,0.18],[0.2,0.33],[0,0],[0,0],[0.18,0.71],[-0.03,0.18],[0.1,0.16],[0.37,0.07],[0.21,-1.05],[0,0],[0,0],[0,0],[0,0],[0,0],[-1.01,0.23],[-0.27,0.25],[0.24,0.28],[0.52,-0.48],[0,0],[0,0],[0,0.38],[0.37,0],[0,0],[0,0],[0.65,0.2],[0.17,0.21],[0.26,-0.07],[0.04,-0.27],[-0.78,-0.7],[0,0],[0,0],[0,0],[0,0],[0,0],[-0.31,1.02],[0.03,0.18],[0.15,0.1],[0.36,-0.1],[-0.15,-0.7],[0,0],[0,0],[0,0],[0.21,0.17],[0.24,-0.13],[0,0]],"v":[[11.125,6.118],[10.705,5.498],[10.665,5.478],[10.695,5.458],[8.195,4.008],[8.225,3.978],[10.035,2.868],[10.455,2.008],[10.115,1.598],[9.605,1.568],[6.995,3.278],[6.985,3.298],[6.965,3.278],[1.325,-0.012],[1.365,-0.032],[6.965,-3.302],[6.985,-3.282],[9.595,-1.572],[10.125,-1.622],[10.455,-2.042],[10.035,-2.912],[8.205,-4.022],[8.175,-4.052],[8.205,-4.072],[10.715,-5.522],[10.965,-6.452],[10.555,-6.772],[10.035,-6.702],[7.505,-5.232],[7.495,-5.272],[7.455,-7.412],[7.345,-7.942],[6.905,-8.242],[6.105,-7.682],[6.255,-4.542],[6.265,-4.522],[6.245,-4.512],[0.615,-1.202],[0.615,-7.802],[0.635,-7.802],[3.365,-9.252],[3.415,-10.222],[2.475,-10.292],[0.675,-9.262],[0.635,-9.242],[0.635,-12.182],[-0.035,-12.882],[-0.715,-12.182],[-0.715,-9.242],[-0.745,-9.262],[-2.575,-10.312],[-3.465,-10.192],[-3.465,-9.262],[-0.735,-7.822],[-0.715,-7.822],[-0.715,-1.212],[-0.755,-1.242],[-6.405,-4.532],[-6.405,-4.552],[-6.245,-7.692],[-7.055,-8.252],[-7.595,-7.412],[-7.605,-5.242],[-7.615,-5.212],[-7.645,-5.222],[-10.125,-6.682],[-10.645,-6.752],[-11.055,-6.432],[-10.785,-5.512],[-8.245,-4.052],[-8.275,-4.022],[-10.095,-2.912],[-10.515,-2.032],[-9.665,-1.602],[-7.045,-3.312],[-7.035,-3.322],[-7.015,-3.312],[-1.385,-0.022],[-1.425,0.008],[-7.065,3.268],[-7.085,3.258],[-9.695,1.538],[-10.205,1.578],[-10.545,1.978],[-10.125,2.848],[-8.315,3.958],[-8.285,3.988],[-8.315,4.008],[-10.775,5.468],[-11.035,6.408],[-10.105,6.648],[-7.565,5.178],[-7.555,5.218],[-7.525,7.408],[-7.415,7.938],[-6.975,8.238],[-6.165,7.678],[-6.355,4.508],[-6.355,4.488],[-6.335,4.468],[-0.665,1.168],[-0.665,7.768],[-0.685,7.778],[-3.415,9.218],[-3.465,10.198],[-2.525,10.258],[-0.705,9.208],[-0.665,9.198],[-0.665,12.188],[0.015,12.878],[0.685,12.188],[0.685,9.248],[0.725,9.258],[2.505,10.278],[3.205,10.508],[3.695,9.938],[3.395,9.248],[0.675,7.798],[0.655,7.798],[0.655,1.198],[0.695,1.228],[6.345,4.508],[6.335,4.528],[6.185,7.678],[6.475,8.128],[6.985,8.228],[7.485,7.408],[7.485,5.258],[7.495,5.218],[7.525,5.238],[10.025,6.688],[10.755,6.768],[11.125,6.118]],"c":true},"ix":2},"nm":"路径 1","mn":"ADBE Vector Shape - Group","hd":false},{"ty":"fl","c":{"a":0,"k":[0.121568634931,0.533333333333,0.929411824544,1],"ix":4},"o":{"a":0,"k":100,"ix":5},"r":1,"bm":0,"nm":"填充 1","mn":"ADBE Vector Graphic - Fill","hd":false},{"ty":"tr","p":{"a":0,"k":[0,0],"ix":2},"a":{"a":0,"k":[0,0],"ix":1},"s":{"a":0,"k":[100,100],"ix":3},"r":{"a":0,"k":0,"ix":6},"o":{"a":0,"k":100,"ix":7},"sk":{"a":0,"k":0,"ix":4},"sa":{"a":0,"k":0,"ix":5},"nm":"变换"}],"nm":"路径","np":2,"cix":2,"bm":0,"ix":1,"mn":"ADBE Vector Group","hd":false}],"ip":0,"op":300,"st":0,"bm":0},{"ddd":0,"ind":12,"ty":4,"nm":"路径 2","sr":1,"ks":{"o":{"a":1,"k":[{"i":{"x":[0.833],"y":[0.833]},"o":{"x":[0.167],"y":[0.167]},"t":9,"s":[0]},{"i":{"x":[0.833],"y":[0.833]},"o":{"x":[0.167],"y":[0.167]},"t":35,"s":[100]},{"i":{"x":[0.833],"y":[0.833]},"o":{"x":[0.167],"y":[0.167]},"t":39,"s":[0]},{"i":{"x":[0.833],"y":[0.833]},"o":{"x":[0.167],"y":[0.167]},"t":69,"s":[0]},{"i":{"x":[0.833],"y":[0.833]},"o":{"x":[0.167],"y":[0.167]},"t":95,"s":[100]},{"t":99,"s":[0]}],"ix":11},"r":{"a":0,"k":0,"ix":10},"p":{"a":1,"k":[{"i":{"x":0.833,"y":0.833},"o":{"x":0.167,"y":0.167},"t":9,"s":[158.661,125.821,0],"to":[-14.958,10.75,0],"ti":[0,0,0]},{"i":{"x":0.833,"y":0.833},"o":{"x":0.167,"y":0.167},"t":39,"s":[68.911,190.321,0],"to":[0,0,0],"ti":[0,0,0]},{"i":{"x":0.833,"y":0.833},"o":{"x":0.167,"y":0.167},"t":69,"s":[158.661,125.821,0],"to":[0,0,0],"ti":[14.958,-10.75,0]},{"t":99,"s":[68.911,190.321,0]}],"ix":2},"a":{"a":0,"k":[0,0,0],"ix":1},"s":{"a":0,"k":[-100,100,100],"ix":6}},"ao":0,"shapes":[{"ty":"gr","it":[{"ind":0,"ty":"sh","ix":1,"ks":{"a":0,"k":{"i":[[0,0],[0.11,0.05],[0,0],[0,0],[0,0],[0,0],[-0.31,0.11],[0.05,0.17],[0.07,0.04],[0.08,-0.02],[0.33,-0.38],[0,0],[0,0],[0,0],[0,0],[0,0],[0,0],[-0.46,-0.16],[-0.07,0.05],[-0.02,0.09],[0.15,0.06],[0.24,0.24],[0,0],[0,0],[0,0],[0.08,0.16],[0.08,0.02],[0.07,-0.04],[0,0],[0,0],[-0.07,0.34],[0.04,0.08],[0.08,0.02],[0.03,-0.19],[-0.14,-0.49],[0,0],[0,0],[0,0],[0,0],[0,0],[-0.36,0.33],[0.11,0.13],[0.13,-0.12],[0.3,-0.09],[0,0],[0,0],[0.17,0],[0,-0.19],[0,0],[0,0],[0.24,0.23],[0.11,-0.13],[-0.1,-0.13],[-0.46,-0.11],[0,0],[0,0],[0,0],[0,0],[0,0],[0.08,0.51],[0.17,-0.04],[-0.04,-0.19],[0.08,-0.34],[0,0],[0,0],[0,0],[0.08,-0.03],[0.04,-0.07],[-0.15,-0.09],[0,0],[0,0],[0.31,-0.11],[-0.06,-0.18],[-0.16,0.06],[-0.33,0.38],[0,0],[0,0],[0,0],[0,0],[0,0],[0,0],[0.45,0.17],[0.07,-0.04],[0.03,-0.08],[-0.16,-0.06],[-0.24,-0.24],[0,0],[0,0],[0,0],[-0.08,-0.16],[-0.15,0.09],[0,0],[0,0],[0.07,-0.34],[-0.05,-0.08],[-0.08,-0.02],[-0.03,0.19],[0.15,0.49],[0,0],[0,0],[0,0],[0,0],[0,0],[0.36,-0.34],[-0.11,-0.14],[-0.13,0.12],[-0.31,0.09],[0,0],[0,0],[-0.17,0],[0,0.18],[0,0],[0,0],[-0.24,-0.22],[-0.12,0.04],[-0.01,0.13],[0.1,0.07],[0.46,0.12],[0,0],[0,0],[0,0],[0,0],[0,0],[-0.09,-0.5],[-0.07,-0.05],[-0.08,0.02],[0.04,0.18],[-0.07,0.34],[0,0],[0,0],[0,0],[-0.11,0.06],[0,0.13]],"o":[[-0.01,-0.13],[0,0],[0,0],[0,0],[0,0],[0.23,-0.24],[0.16,-0.06],[-0.02,-0.09],[-0.08,-0.04],[-0.45,0.17],[0,0],[0,0],[0,0],[0,0],[0,0],[0,0],[0.33,0.38],[0.08,0.02],[0.07,-0.04],[0.05,-0.17],[-0.31,-0.11],[0,0],[0,0],[0,0],[0.14,-0.09],[-0.04,-0.08],[-0.08,-0.03],[0,0],[0,0],[-0.08,-0.34],[0.01,-0.09],[-0.05,-0.07],[-0.18,-0.04],[-0.09,0.5],[0,0],[0,0],[0,0],[0,0],[0,0],[0.46,-0.12],[0.12,-0.13],[-0.11,-0.14],[-0.23,0.23],[0,0],[0,0],[0,-0.19],[-0.17,0],[0,0],[0,0],[-0.31,-0.1],[-0.13,-0.1],[-0.1,0.12],[0.36,0.34],[0,0],[0,0],[0,0],[0,0],[0,0],[0.14,-0.48],[-0.04,-0.18],[-0.18,0.03],[0.07,0.34],[0,0],[0,0],[0,0],[-0.07,-0.04],[-0.08,0.02],[-0.07,0.16],[0,0],[0,0],[-0.24,0.24],[-0.16,0.06],[0.05,0.17],[0.46,-0.16],[0,0],[0,0],[0,0],[0,0],[0,0],[0,0],[-0.33,-0.37],[-0.08,-0.02],[-0.07,0.04],[-0.05,0.18],[0.31,0.11],[0,0],[0,0],[0,0],[-0.15,0.09],[0.09,0.16],[0,0],[0,0],[0.08,0.34],[-0.01,0.09],[0.05,0.07],[0.17,0.04],[0.1,-0.5],[0,0],[0,0],[0,0],[0,0],[0,0],[-0.46,0.11],[-0.12,0.12],[0.11,0.14],[0.24,-0.23],[0,0],[0,0],[0,0.18],[0.17,0],[0,0],[0,0],[0.3,0.1],[0.08,0.1],[0.12,-0.03],[0.02,-0.13],[-0.36,-0.34],[0,0],[0,0],[0,0],[0,0],[0,0],[-0.14,0.49],[0.02,0.09],[0.06,0.05],[0.16,-0.04],[-0.07,-0.33],[0,0],[0,0],[0,0],[0.1,0.08],[0.11,-0.06],[0,0]],"v":[[5.101,2.938],[4.911,2.638],[4.891,2.638],[4.901,2.618],[3.761,1.928],[3.771,1.908],[4.601,1.378],[4.791,0.968],[4.641,0.768],[4.401,0.748],[3.201,1.578],[3.201,1.578],[3.191,1.578],[0.611,-0.002],[0.631,-0.012],[3.191,-1.582],[3.201,-1.582],[4.401,-0.752],[4.641,-0.782],[4.791,-0.982],[4.601,-1.402],[3.761,-1.932],[3.751,-1.942],[3.761,-1.952],[4.911,-2.652],[5.021,-3.102],[4.831,-3.252],[4.601,-3.222],[3.441,-2.512],[3.441,-2.532],[3.421,-3.562],[3.371,-3.822],[3.171,-3.962],[2.801,-3.692],[2.871,-2.182],[2.871,-2.172],[2.861,-2.172],[0.281,-0.572],[0.281,-3.752],[0.291,-3.752],[1.541,-4.442],[1.561,-4.912],[1.131,-4.942],[0.311,-4.452],[0.291,-4.442],[0.291,-5.852],[-0.019,-6.192],[-0.329,-5.852],[-0.329,-4.442],[-0.339,-4.452],[-1.179,-4.952],[-1.589,-4.892],[-1.589,-4.452],[-0.339,-3.762],[-0.329,-3.762],[-0.329,-0.582],[-0.349,-0.592],[-2.939,-2.182],[-2.939,-2.192],[-2.859,-3.702],[-3.229,-3.962],[-3.479,-3.562],[-3.489,-2.522],[-3.489,-2.502],[-3.499,-2.512],[-4.639,-3.212],[-4.879,-3.242],[-5.069,-3.092],[-4.939,-2.652],[-3.779,-1.942],[-3.789,-1.932],[-4.629,-1.402],[-4.819,-0.972],[-4.429,-0.772],[-3.229,-1.592],[-3.219,-1.602],[-3.209,-1.592],[-0.629,-0.012],[-0.649,-0.002],[-3.239,1.568],[-3.249,1.568],[-4.439,0.738],[-4.679,0.758],[-4.839,0.948],[-4.639,1.368],[-3.809,1.908],[-3.799,1.918],[-3.809,1.928],[-4.939,2.628],[-5.059,3.078],[-4.629,3.198],[-3.469,2.488],[-3.459,2.508],[-3.449,3.558],[-3.399,3.818],[-3.199,3.958],[-2.829,3.688],[-2.909,2.168],[-2.919,2.158],[-2.909,2.148],[-0.309,0.558],[-0.309,3.738],[-0.319,3.738],[-1.569,4.428],[-1.589,4.898],[-1.159,4.928],[-0.319,4.428],[-0.309,4.418],[-0.309,5.858],[0.001,6.188],[0.311,5.858],[0.311,4.448],[0.331,4.448],[1.151,4.938],[1.471,5.048],[1.691,4.778],[1.561,4.448],[0.311,3.748],[0.301,3.748],[0.301,0.578],[0.321,0.588],[2.911,2.168],[2.901,2.178],[2.831,3.688],[2.971,3.908],[3.201,3.948],[3.431,3.558],[3.431,2.528],[3.441,2.508],[3.451,2.518],[4.591,3.218],[4.931,3.248],[5.101,2.938]],"c":true},"ix":2},"nm":"路径 1","mn":"ADBE Vector Shape - Group","hd":false},{"ty":"fl","c":{"a":0,"k":[0.725490196078,0.854901960784,0.98431372549,1],"ix":4},"o":{"a":0,"k":100,"ix":5},"r":1,"bm":0,"nm":"填充 1","mn":"ADBE Vector Graphic - Fill","hd":false},{"ty":"tr","p":{"a":0,"k":[0,0],"ix":2},"a":{"a":0,"k":[0,0],"ix":1},"s":{"a":0,"k":[100,100],"ix":3},"r":{"a":0,"k":0,"ix":6},"o":{"a":0,"k":100,"ix":7},"sk":{"a":0,"k":0,"ix":4},"sa":{"a":0,"k":0,"ix":5},"nm":"变换"}],"nm":"路径","np":2,"cix":2,"bm":0,"ix":1,"mn":"ADBE Vector Group","hd":false}],"ip":0,"op":300,"st":0,"bm":0},{"ddd":0,"ind":13,"ty":4,"nm":"路径","sr":1,"ks":{"o":{"a":1,"k":[{"i":{"x":[0.833],"y":[0.833]},"o":{"x":[0.167],"y":[0.167]},"t":0,"s":[0]},{"i":{"x":[0.833],"y":[0.833]},"o":{"x":[0.167],"y":[0.167]},"t":2,"s":[100]},{"i":{"x":[0.833],"y":[0.833]},"o":{"x":[0.167],"y":[0.167]},"t":30,"s":[0]},{"i":{"x":[0.833],"y":[0.833]},"o":{"x":[0.167],"y":[0.167]},"t":60,"s":[0]},{"i":{"x":[0.833],"y":[0.833]},"o":{"x":[0.167],"y":[0.167]},"t":62,"s":[100]},{"i":{"x":[0.833],"y":[0.833]},"o":{"x":[0.167],"y":[0.167]},"t":90,"s":[0]},{"i":{"x":[0.833],"y":[0.833]},"o":{"x":[0.167],"y":[0.167]},"t":120,"s":[0]},{"i":{"x":[0.833],"y":[0.833]},"o":{"x":[0.167],"y":[0.167]},"t":150,"s":[0]},{"t":152,"s":[100]}],"ix":11},"r":{"a":0,"k":0,"ix":10},"p":{"a":1,"k":[{"i":{"x":0.833,"y":0.833},"o":{"x":0.167,"y":0.167},"t":0,"s":[341.161,76.821,0],"to":[-18.25,5.833,0],"ti":[0,0,0]},{"i":{"x":0.833,"y":0.833},"o":{"x":0.167,"y":0.167},"t":30,"s":[231.661,111.821,0],"to":[0,0,0],"ti":[0,0,0]},{"i":{"x":0.833,"y":0.833},"o":{"x":0.167,"y":0.167},"t":60,"s":[341.161,76.821,0],"to":[0,0,0],"ti":[0,0,0]},{"i":{"x":0.833,"y":0.833},"o":{"x":0.167,"y":0.167},"t":90,"s":[231.661,111.821,0],"to":[0,0,0],"ti":[0,0,0]},{"i":{"x":0.833,"y":0.833},"o":{"x":0.167,"y":0.167},"t":150,"s":[341.161,76.821,0],"to":[0,0,0],"ti":[18.25,-5.833,0]},{"t":180,"s":[231.661,111.821,0]}],"ix":2},"a":{"a":0,"k":[0,0,0],"ix":1},"s":{"a":0,"k":[-114.706,114.706,100],"ix":6}},"ao":0,"shapes":[{"ty":"gr","it":[{"ind":0,"ty":"sh","ix":1,"ks":{"a":0,"k":{"i":[[0,0],[0.11,0.05],[0,0],[0,0],[0,0],[0,0],[-0.31,0.11],[0.05,0.17],[0.07,0.04],[0.08,-0.02],[0.33,-0.38],[0,0],[0,0],[0,0],[0,0],[0,0],[0,0],[-0.46,-0.16],[-0.07,0.05],[-0.02,0.09],[0.15,0.06],[0.24,0.24],[0,0],[0,0],[0,0],[0.08,0.16],[0.08,0.02],[0.07,-0.04],[0,0],[0,0],[-0.07,0.34],[0.04,0.08],[0.08,0.02],[0.03,-0.19],[-0.14,-0.49],[0,0],[0,0],[0,0],[0,0],[0,0],[-0.36,0.33],[0.11,0.13],[0.13,-0.12],[0.3,-0.09],[0,0],[0,0],[0.17,0],[0,-0.19],[0,0],[0,0],[0.24,0.23],[0.11,-0.13],[-0.1,-0.13],[-0.46,-0.11],[0,0],[0,0],[0,0],[0,0],[0,0],[0.08,0.51],[0.17,-0.04],[-0.04,-0.19],[0.08,-0.34],[0,0],[0,0],[0,0],[0.08,-0.03],[0.04,-0.07],[-0.15,-0.09],[0,0],[0,0],[0.31,-0.11],[-0.06,-0.18],[-0.16,0.06],[-0.33,0.38],[0,0],[0,0],[0,0],[0,0],[0,0],[0,0],[0.45,0.17],[0.07,-0.04],[0.03,-0.08],[-0.16,-0.06],[-0.24,-0.24],[0,0],[0,0],[0,0],[-0.08,-0.16],[-0.15,0.09],[0,0],[0,0],[0.07,-0.34],[-0.05,-0.08],[-0.08,-0.02],[-0.03,0.19],[0.15,0.49],[0,0],[0,0],[0,0],[0,0],[0,0],[0.36,-0.34],[-0.11,-0.14],[-0.13,0.12],[-0.31,0.09],[0,0],[0,0],[-0.17,0],[0,0.18],[0,0],[0,0],[-0.24,-0.22],[-0.12,0.04],[-0.01,0.13],[0.1,0.07],[0.46,0.12],[0,0],[0,0],[0,0],[0,0],[0,0],[-0.09,-0.5],[-0.07,-0.05],[-0.08,0.02],[0.04,0.18],[-0.07,0.34],[0,0],[0,0],[0,0],[-0.11,0.06],[0,0.13]],"o":[[-0.01,-0.13],[0,0],[0,0],[0,0],[0,0],[0.23,-0.24],[0.16,-0.06],[-0.02,-0.09],[-0.08,-0.04],[-0.45,0.17],[0,0],[0,0],[0,0],[0,0],[0,0],[0,0],[0.33,0.38],[0.08,0.02],[0.07,-0.04],[0.05,-0.17],[-0.31,-0.11],[0,0],[0,0],[0,0],[0.14,-0.09],[-0.04,-0.08],[-0.08,-0.03],[0,0],[0,0],[-0.08,-0.34],[0.01,-0.09],[-0.05,-0.07],[-0.18,-0.04],[-0.09,0.5],[0,0],[0,0],[0,0],[0,0],[0,0],[0.46,-0.12],[0.12,-0.13],[-0.11,-0.14],[-0.23,0.23],[0,0],[0,0],[0,-0.19],[-0.17,0],[0,0],[0,0],[-0.31,-0.1],[-0.13,-0.1],[-0.1,0.12],[0.36,0.34],[0,0],[0,0],[0,0],[0,0],[0,0],[0.14,-0.48],[-0.04,-0.18],[-0.18,0.03],[0.07,0.34],[0,0],[0,0],[0,0],[-0.07,-0.04],[-0.08,0.02],[-0.07,0.16],[0,0],[0,0],[-0.24,0.24],[-0.16,0.06],[0.05,0.17],[0.46,-0.16],[0,0],[0,0],[0,0],[0,0],[0,0],[0,0],[-0.33,-0.37],[-0.08,-0.02],[-0.07,0.04],[-0.05,0.18],[0.31,0.11],[0,0],[0,0],[0,0],[-0.15,0.09],[0.09,0.16],[0,0],[0,0],[0.08,0.34],[-0.01,0.09],[0.05,0.07],[0.17,0.04],[0.1,-0.5],[0,0],[0,0],[0,0],[0,0],[0,0],[-0.46,0.11],[-0.12,0.12],[0.11,0.14],[0.24,-0.23],[0,0],[0,0],[0,0.18],[0.17,0],[0,0],[0,0],[0.3,0.1],[0.08,0.1],[0.12,-0.03],[0.02,-0.13],[-0.36,-0.34],[0,0],[0,0],[0,0],[0,0],[0,0],[-0.14,0.49],[0.02,0.09],[0.06,0.05],[0.16,-0.04],[-0.07,-0.33],[0,0],[0,0],[0,0],[0.1,0.08],[0.11,-0.06],[0,0]],"v":[[5.101,2.938],[4.911,2.638],[4.891,2.638],[4.901,2.618],[3.761,1.928],[3.771,1.908],[4.601,1.378],[4.791,0.968],[4.641,0.768],[4.401,0.748],[3.201,1.578],[3.201,1.578],[3.191,1.578],[0.611,-0.002],[0.631,-0.012],[3.191,-1.582],[3.201,-1.582],[4.401,-0.752],[4.641,-0.782],[4.791,-0.982],[4.601,-1.402],[3.761,-1.932],[3.751,-1.942],[3.761,-1.952],[4.911,-2.652],[5.021,-3.102],[4.831,-3.252],[4.601,-3.222],[3.441,-2.512],[3.441,-2.532],[3.421,-3.562],[3.371,-3.822],[3.171,-3.962],[2.801,-3.692],[2.871,-2.182],[2.871,-2.172],[2.861,-2.172],[0.281,-0.572],[0.281,-3.752],[0.291,-3.752],[1.541,-4.442],[1.561,-4.912],[1.131,-4.942],[0.311,-4.452],[0.291,-4.442],[0.291,-5.852],[-0.019,-6.192],[-0.329,-5.852],[-0.329,-4.442],[-0.339,-4.452],[-1.179,-4.952],[-1.589,-4.892],[-1.589,-4.452],[-0.339,-3.762],[-0.329,-3.762],[-0.329,-0.582],[-0.349,-0.592],[-2.939,-2.182],[-2.939,-2.192],[-2.859,-3.702],[-3.229,-3.962],[-3.479,-3.562],[-3.489,-2.522],[-3.489,-2.502],[-3.499,-2.512],[-4.639,-3.212],[-4.879,-3.242],[-5.069,-3.092],[-4.939,-2.652],[-3.779,-1.942],[-3.789,-1.932],[-4.629,-1.402],[-4.819,-0.972],[-4.429,-0.772],[-3.229,-1.592],[-3.219,-1.602],[-3.209,-1.592],[-0.629,-0.012],[-0.649,-0.002],[-3.239,1.568],[-3.249,1.568],[-4.439,0.738],[-4.679,0.758],[-4.839,0.948],[-4.639,1.368],[-3.809,1.908],[-3.799,1.918],[-3.809,1.928],[-4.939,2.628],[-5.059,3.078],[-4.629,3.198],[-3.469,2.488],[-3.459,2.508],[-3.449,3.558],[-3.399,3.818],[-3.199,3.958],[-2.829,3.688],[-2.909,2.168],[-2.919,2.158],[-2.909,2.148],[-0.309,0.558],[-0.309,3.738],[-0.319,3.738],[-1.569,4.428],[-1.589,4.898],[-1.159,4.928],[-0.319,4.428],[-0.309,4.418],[-0.309,5.858],[0.001,6.188],[0.311,5.858],[0.311,4.448],[0.331,4.448],[1.151,4.938],[1.471,5.048],[1.691,4.778],[1.561,4.448],[0.311,3.748],[0.301,3.748],[0.301,0.578],[0.321,0.588],[2.911,2.168],[2.901,2.178],[2.831,3.688],[2.971,3.908],[3.201,3.948],[3.431,3.558],[3.431,2.528],[3.441,2.508],[3.451,2.518],[4.591,3.218],[4.931,3.248],[5.101,2.938]],"c":true},"ix":2},"nm":"路径 1","mn":"ADBE Vector Shape - Group","hd":false},{"ty":"fl","c":{"a":0,"k":[0.725490196078,0.854901960784,0.98431372549,1],"ix":4},"o":{"a":0,"k":100,"ix":5},"r":1,"bm":0,"nm":"填充 1","mn":"ADBE Vector Graphic - Fill","hd":false},{"ty":"tr","p":{"a":0,"k":[0,0],"ix":2},"a":{"a":0,"k":[0,0],"ix":1},"s":{"a":0,"k":[100,100],"ix":3},"r":{"a":0,"k":0,"ix":6},"o":{"a":0,"k":100,"ix":7},"sk":{"a":0,"k":0,"ix":4},"sa":{"a":0,"k":0,"ix":5},"nm":"变换"}],"nm":"路径","np":2,"cix":2,"bm":0,"ix":1,"mn":"ADBE Vector Group","hd":false}],"ip":0,"op":300,"st":0,"bm":0},{"ddd":0,"ind":14,"ty":4,"nm":"路径","sr":1,"ks":{"o":{"a":1,"k":[{"i":{"x":[0.833],"y":[0.833]},"o":{"x":[0.167],"y":[0.167]},"t":28,"s":[0]},{"i":{"x":[0.833],"y":[0.833]},"o":{"x":[0.167],"y":[0.167]},"t":29,"s":[100]},{"i":{"x":[0.833],"y":[0.833]},"o":{"x":[0.167],"y":[0.167]},"t":58,"s":[0]},{"i":{"x":[0.833],"y":[0.833]},"o":{"x":[0.167],"y":[0.167]},"t":120,"s":[0]},{"t":121,"s":[100]}],"ix":11},"r":{"a":0,"k":0,"ix":10},"p":{"a":1,"k":[{"i":{"x":0.833,"y":0.833},"o":{"x":0.167,"y":0.167},"t":28,"s":[287.26,5.802,0],"to":[-11.375,11.083,0],"ti":[-0.042,0,0]},{"i":{"x":0.833,"y":0.833},"o":{"x":0.167,"y":0.167},"t":58,"s":[219.01,72.302,0],"to":[0.042,0,0],"ti":[0,0,0]},{"i":{"x":0.833,"y":0.833},"o":{"x":0.167,"y":0.167},"t":120,"s":[287.51,5.802,0],"to":[0,0,0],"ti":[11.417,-11.083,0]},{"t":150,"s":[219.01,72.302,0]}],"ix":2},"a":{"a":0,"k":[0,0,0],"ix":1},"s":{"a":0,"k":[-100,100,100],"ix":6}},"ao":0,"shapes":[{"ty":"gr","it":[{"ind":0,"ty":"sh","ix":1,"ks":{"a":0,"k":{"i":[[0,0],[0.15,0.06],[0,0],[0,0],[0,0],[0,0],[-0.39,0.13],[0.06,0.21],[0.09,0.05],[0.1,-0.04],[0.42,-0.44],[0,0],[0,0],[0,0],[0,0],[0,0],[0,0],[-0.58,-0.19],[-0.09,0.06],[-0.03,0.11],[0.2,0.07],[0.3,0.29],[0,0],[0,0],[0,0],[0.1,0.19],[0.11,0.02],[0.09,-0.06],[0,0],[0,0],[-0.08,0.4],[0.06,0.09],[0.1,0.02],[0.04,-0.22],[-0.17,-0.58],[0,0],[0,0],[0,0],[0,0],[0,0],[-0.46,0.4],[0.14,0.16],[0.17,-0.14],[0.39,-0.12],[0,0],[0,0],[0.22,0],[0,-0.22],[0,0],[0,0],[0.3,0.28],[0.13,-0.15],[-0.13,-0.15],[-0.59,-0.13],[0,0],[0,0],[0,0],[0,0],[0,0],[0.11,0.6],[0.22,-0.05],[-0.05,-0.22],[0.1,-0.41],[0,0],[0,0],[0,0],[0.1,-0.03],[0.05,-0.1],[-0.18,-0.1],[0,0],[0,0],[0.39,-0.13],[-0.07,-0.21],[-0.2,0.07],[-0.42,0.45],[0,0],[0,0],[0,0],[0,0],[0,0],[0,0],[0.57,0.2],[0.1,-0.05],[0.03,-0.1],[-0.2,-0.07],[-0.3,-0.29],[0,0],[0,0],[0,0],[-0.11,-0.19],[-0.19,0.11],[0,0],[0,0],[0.09,-0.41],[-0.06,-0.09],[-0.11,-0.02],[-0.04,0.22],[0.2,0.59],[0,0],[0,0],[0,0],[0,0],[0,0],[0.45,-0.41],[-0.14,-0.17],[-0.17,0.14],[-0.39,0.11],[0,0],[0,0],[-0.22,0],[0,0.22],[0,0],[0,0],[-0.3,-0.27],[-0.15,0.04],[-0.03,0.16],[0.13,0.09],[0.59,0.14],[0,0],[0,0],[0,0],[0,0],[0,0],[-0.13,-0.6],[-0.09,-0.05],[-0.11,0.02],[0.04,0.21],[-0.09,0.41],[0,0],[0,0],[0,0],[-0.13,0.07],[0,0.15]],"o":[[-0.01,-0.16],[0,0],[0,0],[0,0],[0,0],[0.3,-0.29],[0.2,-0.07],[-0.03,-0.1],[-0.09,-0.05],[-0.58,0.2],[0,0],[0,0],[0,0],[0,0],[0,0],[0,0],[0.42,0.45],[0.1,0.04],[0.1,-0.05],[0.06,-0.2],[-0.39,-0.13],[0,0],[0,0],[0,0],[0.18,-0.11],[-0.06,-0.09],[-0.1,-0.03],[0,0],[0,0],[-0.1,-0.4],[0.02,-0.11],[-0.06,-0.09],[-0.22,-0.04],[-0.11,0.6],[0,0],[0,0],[0,0],[0,0],[0,0],[0.58,-0.14],[0.16,-0.14],[-0.14,-0.16],[-0.3,0.28],[0,0],[0,0],[0,-0.22],[-0.22,0],[0,0],[0,0],[-0.39,-0.12],[-0.17,-0.11],[-0.13,0.15],[0.45,0.41],[0,0],[0,0],[0,0],[0,0],[0,0],[0.17,-0.59],[-0.04,-0.22],[-0.21,0.04],[0.09,0.41],[0,0],[0,0],[0,0],[-0.09,-0.05],[-0.1,0.03],[-0.09,0.18],[0,0],[0,0],[-0.3,0.29],[-0.2,0.07],[0.07,0.21],[0.59,-0.2],[0,0],[0,0],[0,0],[0,0],[0,0],[0,0],[-0.43,-0.44],[-0.1,-0.04],[-0.09,0.04],[-0.07,0.2],[0.4,0.13],[0,0],[0,0],[0,0],[-0.18,0.11],[0.11,0.18],[0,0],[0,0],[0.11,0.41],[-0.02,0.11],[0.06,0.09],[0.22,0.04],[0.13,-0.61],[0,0],[0,0],[0,0],[0,0],[0,0],[-0.59,0.14],[-0.16,0.15],[0.14,0.16],[0.3,-0.28],[0,0],[0,0],[0,0.22],[0.21,0],[0,0],[0,0],[0.38,0.11],[0.1,0.13],[0.15,-0.05],[0.02,-0.16],[-0.45,-0.4],[0,0],[0,0],[0,0],[0,0],[0,0],[-0.18,0.59],[0.02,0.1],[0.08,0.06],[0.2,-0.05],[-0.09,-0.4],[0,0],[0,0],[0,0],[0.12,0.1],[0.14,-0.07],[0,0]],"v":[[6.49,3.523],[6.24,3.163],[6.22,3.153],[6.24,3.143],[4.78,2.303],[4.8,2.293],[5.85,1.653],[6.1,1.153],[5.9,0.923],[5.6,0.903],[4.08,1.883],[4.07,1.893],[4.06,1.893],[0.77,-0.007],[0.8,-0.017],[4.06,-1.897],[4.07,-1.887],[5.6,-0.907],[5.9,-0.937],[6.1,-1.177],[5.85,-1.677],[4.79,-2.317],[4.77,-2.327],[4.79,-2.347],[6.25,-3.177],[6.4,-3.717],[6.15,-3.897],[5.85,-3.857],[4.38,-3.017],[4.37,-3.037],[4.35,-4.267],[4.29,-4.577],[4.03,-4.747],[3.56,-4.427],[3.65,-2.617],[3.65,-2.607],[3.64,-2.597],[0.36,-0.687],[0.36,-4.487],[0.37,-4.497],[1.96,-5.327],[1.99,-5.887],[1.44,-5.927],[0.39,-5.327],[0.37,-5.327],[0.37,-7.017],[-0.02,-7.417],[-0.42,-7.017],[-0.42,-5.327],[-0.44,-5.327],[-1.5,-5.937],[-2.02,-5.867],[-2.02,-5.337],[-0.43,-4.507],[-0.42,-4.497],[-0.42,-0.697],[-0.44,-0.717],[-3.74,-2.607],[-3.74,-2.617],[-3.64,-4.427],[-4.12,-4.747],[-4.43,-4.267],[-4.44,-3.017],[-4.44,-2.997],[-4.46,-3.007],[-5.91,-3.847],[-6.21,-3.887],[-6.45,-3.697],[-6.29,-3.177],[-4.81,-2.327],[-4.83,-2.317],[-5.89,-1.677],[-6.14,-1.167],[-5.64,-0.917],[-4.11,-1.907],[-4.1,-1.917],[-4.09,-1.907],[-0.81,-0.007],[-0.83,0.003],[-4.12,1.883],[-4.13,1.873],[-5.65,0.893],[-5.96,0.913],[-6.15,1.143],[-5.91,1.643],[-4.85,2.283],[-4.83,2.293],[-4.85,2.303],[-6.29,3.143],[-6.43,3.693],[-5.89,3.833],[-4.41,2.983],[-4.41,3.003],[-4.39,4.263],[-4.33,4.573],[-4.07,4.743],[-3.6,4.423],[-3.71,2.593],[-3.71,2.583],[-3.7,2.573],[-0.39,0.673],[-0.39,4.473],[-0.4,4.473],[-1.99,5.303],[-2.02,5.873],[-1.47,5.903],[-0.41,5.303],[-0.39,5.293],[-0.39,7.013],[0.01,7.413],[0.4,7.013],[0.4,5.323],[0.42,5.333],[1.46,5.913],[1.87,6.053],[2.16,5.723],[1.98,5.323],[0.39,4.493],[0.38,4.483],[0.38,0.693],[0.4,0.703],[3.7,2.593],[3.7,2.603],[3.61,4.423],[3.78,4.673],[4.08,4.733],[4.37,4.263],[4.37,3.023],[4.37,3.003],[4.39,3.013],[5.85,3.853],[6.27,3.893],[6.49,3.523]],"c":true},"ix":2},"nm":"路径 1","mn":"ADBE Vector Shape - Group","hd":false},{"ty":"fl","c":{"a":0,"k":[0.121568634931,0.533333333333,0.929411824544,1],"ix":4},"o":{"a":0,"k":100,"ix":5},"r":1,"bm":0,"nm":"填充 1","mn":"ADBE Vector Graphic - Fill","hd":false},{"ty":"tr","p":{"a":0,"k":[0,0],"ix":2},"a":{"a":0,"k":[0,0],"ix":1},"s":{"a":0,"k":[100,100],"ix":3},"r":{"a":0,"k":0,"ix":6},"o":{"a":0,"k":100,"ix":7},"sk":{"a":0,"k":0,"ix":4},"sa":{"a":0,"k":0,"ix":5},"nm":"变换"}],"nm":"路径","np":2,"cix":2,"bm":0,"ix":1,"mn":"ADBE Vector Group","hd":false}],"ip":0,"op":300,"st":0,"bm":0},{"ddd":0,"ind":15,"ty":4,"nm":"路径","sr":1,"ks":{"o":{"a":1,"k":[{"i":{"x":[0.833],"y":[0.833]},"o":{"x":[0.167],"y":[0.167]},"t":0,"s":[0]},{"i":{"x":[0.833],"y":[0.833]},"o":{"x":[0.167],"y":[0.167]},"t":1,"s":[100]},{"i":{"x":[0.833],"y":[0.833]},"o":{"x":[0.167],"y":[0.167]},"t":30,"s":[0]},{"i":{"x":[0.833],"y":[0.833]},"o":{"x":[0.167],"y":[0.167]},"t":58,"s":[0]},{"i":{"x":[0.833],"y":[0.833]},"o":{"x":[0.167],"y":[0.167]},"t":59,"s":[100]},{"i":{"x":[0.833],"y":[0.833]},"o":{"x":[0.167],"y":[0.167]},"t":92,"s":[0]},{"i":{"x":[0.833],"y":[0.833]},"o":{"x":[0.167],"y":[0.167]},"t":120,"s":[0]},{"t":121,"s":[100]}],"ix":11},"r":{"a":0,"k":0,"ix":10},"p":{"a":1,"k":[{"i":{"x":0.833,"y":0.833},"o":{"x":0.167,"y":0.167},"t":0,"s":[316.521,16.885,0],"to":[-1.475,0.923,0],"ti":[2.297,-1.437,0]},{"i":{"x":0.833,"y":0.833},"o":{"x":0.167,"y":0.167},"t":2,"s":[305.066,25.455,0],"to":[-19.888,12.445,0],"ti":[12.775,-7.994,0]},{"i":{"x":0.833,"y":0.833},"o":{"x":0.167,"y":0.167},"t":30,"s":[219.271,83.885,0],"to":[-14.25,8.917,0],"ti":[14.25,-8.917,0]},{"i":{"x":0.833,"y":0.833},"o":{"x":0.167,"y":0.167},"t":58,"s":[312.771,19.885,0],"to":[-1.475,0.923,0],"ti":[2.297,-1.437,0]},{"i":{"x":0.833,"y":0.833},"o":{"x":0.167,"y":0.167},"t":60,"s":[295.816,31.705,0],"to":[-19.888,12.445,0],"ti":[12.775,-7.994,0]},{"i":{"x":0.833,"y":0.833},"o":{"x":0.167,"y":0.167},"t":88,"s":[219.271,83.885,0],"to":[-14.25,8.917,0],"ti":[14.25,-8.917,0]},{"i":{"x":0.833,"y":0.833},"o":{"x":0.167,"y":0.167},"t":120,"s":[303.521,26.135,0],"to":[-1.475,0.923,0],"ti":[2.297,-1.437,0]},{"i":{"x":0.833,"y":0.833},"o":{"x":0.167,"y":0.167},"t":122,"s":[290.316,34.955,0],"to":[-19.888,12.445,0],"ti":[12.775,-7.994,0]},{"t":150,"s":[219.271,83.885,0]}],"ix":2},"a":{"a":0,"k":[0,0,0],"ix":1},"s":{"a":0,"k":[-83.815,83.815,100],"ix":6}},"ao":0,"shapes":[{"ty":"gr","it":[{"ind":0,"ty":"sh","ix":1,"ks":{"a":0,"k":{"i":[[0,0],[0.21,0.08],[0,0],[0,0],[0,0],[0,0],[-0.56,0.18],[0.1,0.28],[0.13,0.06],[0.14,-0.05],[0.6,-0.61],[0,0],[0,0],[0,0],[0,0],[0,0],[0,0],[-0.83,-0.26],[-0.14,0.07],[-0.04,0.14],[0.29,0.1],[0.43,0.4],[0,0],[0,0],[0,0],[0.14,0.26],[0.15,0.03],[0.12,-0.07],[0,0],[0,0],[-0.11,0.56],[0.09,0.12],[0.15,0.03],[0.05,-0.31],[-0.24,-0.8],[0,0],[0,0],[0,0],[0,0],[0,0],[-0.65,0.54],[0.2,0.23],[0.24,-0.19],[0.56,-0.16],[0,0],[0,0],[0.31,0],[0,-0.3],[0,0],[0,0],[0.44,0.38],[0.18,-0.21],[-0.19,-0.2],[-0.85,-0.18],[0,0],[0,0],[0,0],[0,0],[0,0],[0.15,0.82],[0.31,-0.06],[-0.06,-0.31],[0.13,-0.57],[0,0],[0,0],[0,0],[0.15,-0.03],[0.07,-0.13],[-0.25,-0.14],[0,0],[0,0],[0.56,-0.17],[-0.09,-0.29],[-0.29,0.1],[-0.6,0.62],[0,0],[0,0],[0,0],[0,0],[0,0],[0,0],[0.82,0.28],[0.14,-0.07],[0.05,-0.14],[-0.29,-0.1],[-0.43,-0.39],[0,0],[0,0],[0,0],[-0.15,-0.26],[-0.27,0.16],[0,0],[0,0],[0.14,-0.57],[-0.09,-0.12],[-0.15,-0.03],[-0.06,0.3],[0.28,0.81],[0,0],[0,0],[0,0],[0,0],[0,0],[0.64,-0.57],[-0.2,-0.23],[-0.23,0.19],[-0.56,0.16],[0,0],[0,0],[-0.31,0],[0,0.31],[0,0],[0,0],[-0.43,-0.37],[-0.22,0.05],[-0.03,0.21],[0.19,0.12],[0.84,0.2],[0,0],[0,0],[0,0],[0,0],[0,0],[-0.17,-0.83],[-0.13,-0.08],[-0.14,0.03],[0.06,0.29],[-0.13,0.56],[0,0],[0,0],[0,0],[-0.19,0.1],[0.01,0.21]],"o":[[-0.01,-0.22],[0,0],[0,0],[0,0],[0,0],[0.42,-0.4],[0.29,-0.1],[-0.04,-0.14],[-0.13,-0.07],[-0.82,0.27],[0,0],[0,0],[0,0],[0,0],[0,0],[0,0],[0.59,0.62],[0.14,0.05],[0.13,-0.07],[0.1,-0.28],[-0.56,-0.17],[0,0],[0,0],[0,0],[0.26,-0.15],[-0.08,-0.12],[-0.14,-0.04],[0,0],[0,0],[-0.14,-0.55],[0.03,-0.15],[-0.08,-0.13],[-0.31,-0.06],[-0.17,0.82],[0,0],[0,0],[0,0],[0,0],[0,0],[0.83,-0.2],[0.23,-0.2],[-0.21,-0.22],[-0.43,0.38],[0,0],[0,0],[0,-0.3],[-0.31,0],[0,0],[0,0],[-0.57,-0.16],[-0.23,-0.16],[-0.19,0.21],[0.64,0.57],[0,0],[0,0],[0,0],[0,0],[0,0],[0.25,-0.81],[-0.06,-0.31],[-0.31,0.06],[0.13,0.56],[0,0],[0,0],[0,0],[-0.13,-0.07],[-0.14,0.04],[-0.13,0.26],[0,0],[0,0],[-0.43,0.39],[-0.29,0.1],[0.11,0.29],[0.83,-0.26],[0,0],[0,0],[0,0],[0,0],[0,0],[0,0],[-0.61,-0.61],[-0.14,-0.05],[-0.13,0.06],[-0.09,0.28],[0.55,0.18],[0,0],[0,0],[0,0],[-0.26,0.15],[0.16,0.26],[0,0],[0,0],[0.16,0.56],[-0.03,0.15],[0.09,0.13],[0.31,0.06],[0.18,-0.84],[0,0],[0,0],[0,0],[0,0],[0,0],[-0.85,0.19],[-0.23,0.2],[0.21,0.22],[0.44,-0.38],[0,0],[0,0],[0,0.31],[0.31,0],[0,0],[0,0],[0.55,0.15],[0.14,0.17],[0.21,-0.06],[0.04,-0.22],[-0.65,-0.55],[0,0],[0,0],[0,0],[0,0],[0,0],[-0.26,0.81],[0.03,0.14],[0.12,0.08],[0.3,-0.07],[-0.13,-0.55],[0,0],[0,0],[0,0],[0.17,0.14],[0.2,-0.1],[0,0]],"v":[[9.269,4.842],[8.919,4.352],[8.889,4.342],[8.909,4.322],[6.829,3.172],[6.859,3.152],[8.359,2.272],[8.709,1.592],[8.429,1.272],[7.999,1.242],[5.829,2.592],[5.819,2.612],[5.799,2.602],[1.109,-0.008],[1.139,-0.028],[5.809,-2.608],[5.819,-2.598],[7.999,-1.248],[8.439,-1.278],[8.709,-1.618],[8.359,-2.308],[6.839,-3.188],[6.809,-3.208],[6.839,-3.218],[8.929,-4.368],[9.139,-5.108],[8.789,-5.358],[8.369,-5.308],[6.259,-4.138],[6.249,-4.168],[6.209,-5.868],[6.119,-6.288],[5.759,-6.528],[5.089,-6.078],[5.209,-3.598],[5.219,-3.578],[5.199,-3.568],[0.509,-0.948],[0.509,-6.178],[0.529,-6.178],[2.799,-7.318],[2.849,-8.098],[2.059,-8.148],[0.559,-7.328],[0.529,-7.318],[0.529,-9.648],[-0.031,-10.198],[-0.591,-9.648],[-0.591,-7.318],[-0.621,-7.328],[-2.151,-8.158],[-2.881,-8.068],[-2.881,-7.338],[-0.611,-6.198],[-0.601,-6.188],[-0.601,-0.968],[-0.631,-0.978],[-5.341,-3.588],[-5.341,-3.598],[-5.201,-6.088],[-5.881,-6.528],[-6.331,-5.868],[-6.331,-4.148],[-6.341,-4.128],[-6.371,-4.138],[-8.441,-5.288],[-8.871,-5.348],[-9.211,-5.088],[-8.991,-4.368],[-6.871,-3.208],[-6.901,-3.178],[-8.411,-2.308],[-8.771,-1.608],[-8.051,-1.268],[-5.871,-2.618],[-5.861,-2.638],[-5.841,-2.628],[-1.151,-0.018],[-1.181,0.002],[-5.891,2.592],[-5.901,2.582],[-8.081,1.222],[-8.511,1.252],[-8.791,1.572],[-8.431,2.262],[-6.921,3.132],[-6.901,3.152],[-6.931,3.172],[-8.981,4.322],[-9.191,5.072],[-8.421,5.262],[-6.301,4.102],[-6.301,4.132],[-6.271,5.862],[-6.181,6.282],[-5.811,6.522],[-5.141,6.082],[-5.291,3.562],[-5.301,3.552],[-5.281,3.542],[-0.551,0.922],[-0.551,6.152],[-0.571,6.152],[-2.841,7.302],[-2.891,8.072],[-2.111,8.122],[-0.581,7.292],[-0.551,7.282],[-0.551,9.642],[0.009,10.202],[0.569,9.642],[0.569,7.322],[0.599,7.332],[2.089,8.132],[2.679,8.322],[3.079,7.872],[2.829,7.322],[0.559,6.172],[0.539,6.172],[0.539,0.952],[0.579,0.972],[5.289,3.572],[5.279,3.582],[5.149,6.082],[5.399,6.432],[5.819,6.512],[6.239,5.862],[6.239,4.162],[6.249,4.132],[6.269,4.142],[8.359,5.292],[8.959,5.352],[9.269,4.842]],"c":true},"ix":2},"nm":"路径 1","mn":"ADBE Vector Shape - Group","hd":false},{"ty":"fl","c":{"a":0,"k":[0.725490196078,0.854901960784,0.98431372549,1],"ix":4},"o":{"a":0,"k":100,"ix":5},"r":1,"bm":0,"nm":"填充 1","mn":"ADBE Vector Graphic - Fill","hd":false},{"ty":"tr","p":{"a":0,"k":[0,0],"ix":2},"a":{"a":0,"k":[0,0],"ix":1},"s":{"a":0,"k":[100,100],"ix":3},"r":{"a":0,"k":0,"ix":6},"o":{"a":0,"k":100,"ix":7},"sk":{"a":0,"k":0,"ix":4},"sa":{"a":0,"k":0,"ix":5},"nm":"变换"}],"nm":"路径","np":2,"cix":2,"bm":0,"ix":1,"mn":"ADBE Vector Group","hd":false}],"ip":0,"op":300,"st":0,"bm":0},{"ddd":0,"ind":16,"ty":4,"nm":"路径 7","sr":1,"ks":{"o":{"a":1,"k":[{"i":{"x":[0.833],"y":[0.833]},"o":{"x":[0.167],"y":[0.167]},"t":71,"s":[0]},{"i":{"x":[0.833],"y":[0.833]},"o":{"x":[0.167],"y":[0.167]},"t":98,"s":[100]},{"i":{"x":[0.833],"y":[0.833]},"o":{"x":[0.167],"y":[0.167]},"t":100,"s":[0]},{"i":{"x":[0.833],"y":[0.833]},"o":{"x":[0.167],"y":[0.167]},"t":131,"s":[0]},{"i":{"x":[0.833],"y":[0.833]},"o":{"x":[0.167],"y":[0.167]},"t":158,"s":[100]},{"t":160,"s":[0]}],"ix":11},"r":{"a":0,"k":0,"ix":10},"p":{"a":1,"k":[{"i":{"x":0.833,"y":0.833},"o":{"x":0.167,"y":0.167},"t":71,"s":[142.021,113.517,0],"to":[-20.583,6.417,0],"ti":[0,0,0]},{"i":{"x":0.833,"y":0.833},"o":{"x":0.167,"y":0.167},"t":101,"s":[18.521,152.017,0],"to":[0,0,0],"ti":[0.583,-0.167,0]},{"i":{"x":0.833,"y":0.833},"o":{"x":0.167,"y":0.167},"t":131,"s":[142.021,113.517,0],"to":[-0.583,0.167,0],"ti":[21.167,-6.583,0]},{"t":161,"s":[15.021,153.017,0]}],"ix":2},"a":{"a":0,"k":[0,0,0],"ix":1},"s":{"a":0,"k":[-100,100,100],"ix":6}},"ao":0,"shapes":[{"ty":"gr","it":[{"ind":0,"ty":"sh","ix":1,"ks":{"a":0,"k":{"i":[[0,0],[0.25,0.1],[0,0],[0,0],[0,0],[0,0],[-0.67,0.23],[0.11,0.36],[0.16,0.09],[0.16,-0.06],[0.72,-0.78],[0,0],[0,0],[0,0],[0,0],[0,0],[0,0],[-0.99,-0.33],[-0.16,0.09],[-0.05,0.18],[0.34,0.12],[0.52,0.5],[0,0],[0,0],[0,0],[0.17,0.33],[0.17,0.04],[0.16,-0.09],[0,0],[0,0],[-0.14,0.7],[0.11,0.15],[0.18,0.03],[0.07,-0.39],[-0.3,-1.01],[0,0],[0,0],[0,0],[0,0],[0,0],[-0.79,0.69],[0.24,0.28],[0.28,-0.24],[0.66,-0.19],[0,0],[0,0],[0.37,0],[0,-0.39],[0,0],[0,0],[0.52,0.49],[0.23,-0.26],[-0.22,-0.27],[-1.01,-0.24],[0,0],[0,0],[0,0],[0,0],[0,0],[0.19,1.04],[0.37,-0.08],[-0.08,-0.39],[0.17,-0.71],[0,0],[0,0],[0,0],[0.17,-0.05],[0.09,-0.15],[-0.31,-0.19],[0,0],[0,0],[0.67,-0.22],[-0.12,-0.36],[-0.34,0.13],[-0.71,0.79],[0,0],[0,0],[0,0],[0,0],[0,0],[0,0],[0.99,0.36],[0.16,-0.08],[0.05,-0.17],[-0.34,-0.12],[-0.51,-0.5],[0,0],[0,0],[0,0],[-0.17,-0.33],[-0.32,0.2],[0,0],[0,0],[0.16,-0.72],[-0.1,-0.16],[-0.18,-0.03],[-0.08,0.38],[0.34,1.02],[0,0],[0,0],[0,0],[0,0],[0,0],[0.77,-0.71],[-0.24,-0.29],[-0.28,0.25],[-0.67,0.2],[0,0],[0,0],[-0.38,0],[0,0.38],[0,0],[0,0],[-0.51,-0.47],[-0.25,0.07],[-0.04,0.27],[0.22,0.15],[1,0.25],[0,0],[0,0],[0,0],[0,0],[0,0],[-0.21,-1.04],[-0.15,-0.1],[-0.17,0.03],[0.08,0.37],[-0.15,0.7],[0,0],[0,0],[0,0],[-0.24,0.12],[0.01,0.27]],"o":[[-0.01,-0.27],[0,0],[0,0],[0,0],[0,0],[0.51,-0.5],[0.34,-0.12],[-0.06,-0.18],[-0.16,-0.08],[-0.99,0.34],[0,0],[0,0],[0,0],[0,0],[0,0],[0,0],[0.71,0.79],[0.17,0.06],[0.16,-0.09],[0.11,-0.36],[-0.68,-0.22],[0,0],[0,0],[0,0],[0.32,-0.19],[-0.09,-0.16],[-0.18,-0.05],[0,0],[0,0],[-0.17,-0.69],[0.03,-0.19],[-0.1,-0.16],[-0.37,-0.08],[-0.2,1.04],[0,0],[0,0],[0,0],[0,0],[0,0],[1,-0.26],[0.27,-0.25],[-0.25,-0.28],[-0.52,0.48],[0,0],[0,0],[0,-0.39],[-0.38,0],[0,0],[0,0],[-0.68,-0.2],[-0.28,-0.19],[-0.22,0.27],[0.77,0.71],[0,0],[0,0],[0,0],[0,0],[0,0],[0.29,-1.01],[-0.07,-0.39],[-0.37,0.08],[0.16,0.71],[0,0],[0,0],[0,0],[-0.16,-0.09],[-0.17,0.05],[-0.16,0.33],[0,0],[0,0],[-0.52,0.5],[-0.35,0.12],[0.12,0.36],[1,-0.33],[0,0],[0,0],[0,0],[0,0],[0,0],[0,0],[-0.72,-0.77],[-0.17,-0.05],[-0.17,0.08],[-0.11,0.36],[0.67,0.23],[0,0],[0,0],[0,0],[-0.32,0.18],[0.2,0.33],[0,0],[0,0],[0.18,0.71],[-0.03,0.18],[0.1,0.16],[0.37,0.07],[0.21,-1.05],[0,0],[0,0],[0,0],[0,0],[0,0],[-1.01,0.23],[-0.27,0.25],[0.24,0.28],[0.52,-0.48],[0,0],[0,0],[0,0.38],[0.37,0],[0,0],[0,0],[0.65,0.2],[0.17,0.21],[0.26,-0.07],[0.04,-0.27],[-0.78,-0.7],[0,0],[0,0],[0,0],[0,0],[0,0],[-0.31,1.02],[0.03,0.18],[0.15,0.1],[0.36,-0.1],[-0.15,-0.7],[0,0],[0,0],[0,0],[0.21,0.17],[0.24,-0.13],[0,0]],"v":[[11.125,6.118],[10.705,5.498],[10.665,5.478],[10.695,5.458],[8.195,4.008],[8.225,3.978],[10.035,2.868],[10.455,2.008],[10.115,1.598],[9.605,1.568],[6.995,3.278],[6.985,3.298],[6.965,3.278],[1.325,-0.012],[1.365,-0.032],[6.965,-3.302],[6.985,-3.282],[9.595,-1.572],[10.125,-1.622],[10.455,-2.042],[10.035,-2.912],[8.205,-4.022],[8.175,-4.052],[8.205,-4.072],[10.715,-5.522],[10.965,-6.452],[10.555,-6.772],[10.035,-6.702],[7.505,-5.232],[7.495,-5.272],[7.455,-7.412],[7.345,-7.942],[6.905,-8.242],[6.105,-7.682],[6.255,-4.542],[6.265,-4.522],[6.245,-4.512],[0.615,-1.202],[0.615,-7.802],[0.635,-7.802],[3.365,-9.252],[3.415,-10.222],[2.475,-10.292],[0.675,-9.262],[0.635,-9.242],[0.635,-12.182],[-0.035,-12.882],[-0.715,-12.182],[-0.715,-9.242],[-0.745,-9.262],[-2.575,-10.312],[-3.465,-10.192],[-3.465,-9.262],[-0.735,-7.822],[-0.715,-7.822],[-0.715,-1.212],[-0.755,-1.242],[-6.405,-4.532],[-6.405,-4.552],[-6.245,-7.692],[-7.055,-8.252],[-7.595,-7.412],[-7.605,-5.242],[-7.615,-5.212],[-7.645,-5.222],[-10.125,-6.682],[-10.645,-6.752],[-11.055,-6.432],[-10.785,-5.512],[-8.245,-4.052],[-8.275,-4.022],[-10.095,-2.912],[-10.515,-2.032],[-9.665,-1.602],[-7.045,-3.312],[-7.035,-3.322],[-7.015,-3.312],[-1.385,-0.022],[-1.425,0.008],[-7.065,3.268],[-7.085,3.258],[-9.695,1.538],[-10.205,1.578],[-10.545,1.978],[-10.125,2.848],[-8.315,3.958],[-8.285,3.988],[-8.315,4.008],[-10.775,5.468],[-11.035,6.408],[-10.105,6.648],[-7.565,5.178],[-7.555,5.218],[-7.525,7.408],[-7.415,7.938],[-6.975,8.238],[-6.165,7.678],[-6.355,4.508],[-6.355,4.488],[-6.335,4.468],[-0.665,1.168],[-0.665,7.768],[-0.685,7.778],[-3.415,9.218],[-3.465,10.198],[-2.525,10.258],[-0.705,9.208],[-0.665,9.198],[-0.665,12.188],[0.015,12.878],[0.685,12.188],[0.685,9.248],[0.725,9.258],[2.505,10.278],[3.205,10.508],[3.695,9.938],[3.395,9.248],[0.675,7.798],[0.655,7.798],[0.655,1.198],[0.695,1.228],[6.345,4.508],[6.335,4.528],[6.185,7.678],[6.475,8.128],[6.985,8.228],[7.485,7.408],[7.485,5.258],[7.495,5.218],[7.525,5.238],[10.025,6.688],[10.755,6.768],[11.125,6.118]],"c":true},"ix":2},"nm":"路径 1","mn":"ADBE Vector Shape - Group","hd":false},{"ty":"fl","c":{"a":0,"k":[0.737254901961,0.909803921569,1,1],"ix":4},"o":{"a":0,"k":100,"ix":5},"r":1,"bm":0,"nm":"填充 1","mn":"ADBE Vector Graphic - Fill","hd":false},{"ty":"tr","p":{"a":0,"k":[0,0],"ix":2},"a":{"a":0,"k":[0,0],"ix":1},"s":{"a":0,"k":[100,100],"ix":3},"r":{"a":0,"k":0,"ix":6},"o":{"a":0,"k":100,"ix":7},"sk":{"a":0,"k":0,"ix":4},"sa":{"a":0,"k":0,"ix":5},"nm":"变换"}],"nm":"路径","np":2,"cix":2,"bm":0,"ix":1,"mn":"ADBE Vector Group","hd":false}],"ip":0,"op":300,"st":0,"bm":0},{"ddd":0,"ind":17,"ty":4,"nm":"路径","sr":1,"ks":{"o":{"a":1,"k":[{"i":{"x":[0.833],"y":[0.833]},"o":{"x":[0.167],"y":[0.167]},"t":0,"s":[0]},{"i":{"x":[0.833],"y":[0.833]},"o":{"x":[0.167],"y":[0.167]},"t":3,"s":[100]},{"i":{"x":[0.833],"y":[0.833]},"o":{"x":[0.167],"y":[0.167]},"t":30,"s":[0]},{"i":{"x":[0.833],"y":[0.833]},"o":{"x":[0.167],"y":[0.167]},"t":60,"s":[0]},{"i":{"x":[0.833],"y":[0.833]},"o":{"x":[0.167],"y":[0.167]},"t":63,"s":[100]},{"i":{"x":[0.833],"y":[0.833]},"o":{"x":[0.167],"y":[0.167]},"t":90,"s":[0]},{"i":{"x":[0.833],"y":[0.833]},"o":{"x":[0.167],"y":[0.167]},"t":120,"s":[0]},{"t":123,"s":[100]}],"ix":11},"r":{"a":0,"k":0,"ix":10},"p":{"a":1,"k":[{"i":{"x":0.833,"y":0.833},"o":{"x":0.167,"y":0.167},"t":0,"s":[355.771,27.017,0],"to":[-21.5,13.333,0],"ti":[0,0.083,0]},{"i":{"x":0.833,"y":0.833},"o":{"x":0.167,"y":0.167},"t":30,"s":[226.771,107.017,0],"to":[0,-0.083,0],"ti":[0,0,0]},{"i":{"x":0.833,"y":0.833},"o":{"x":0.167,"y":0.167},"t":60,"s":[355.771,26.517,0],"to":[0,0,0],"ti":[0,0,0]},{"i":{"x":0.833,"y":0.833},"o":{"x":0.167,"y":0.167},"t":90,"s":[226.771,107.017,0],"to":[0,0,0],"ti":[0,0,0]},{"i":{"x":0.833,"y":0.833},"o":{"x":0.167,"y":0.167},"t":120,"s":[355.771,26.517,0],"to":[0,0,0],"ti":[21.5,-13.417,0]},{"t":150,"s":[226.771,107.017,0]}],"ix":2},"a":{"a":0,"k":[0,0,0],"ix":1},"s":{"a":0,"k":[-86.518,86.518,100],"ix":6}},"ao":0,"shapes":[{"ty":"gr","it":[{"ind":0,"ty":"sh","ix":1,"ks":{"a":0,"k":{"i":[[0,0],[0.25,0.1],[0,0],[0,0],[0,0],[0,0],[-0.67,0.23],[0.11,0.36],[0.16,0.09],[0.16,-0.06],[0.72,-0.78],[0,0],[0,0],[0,0],[0,0],[0,0],[0,0],[-0.99,-0.33],[-0.16,0.09],[-0.05,0.18],[0.34,0.12],[0.52,0.5],[0,0],[0,0],[0,0],[0.17,0.33],[0.17,0.04],[0.16,-0.09],[0,0],[0,0],[-0.14,0.7],[0.11,0.15],[0.18,0.03],[0.07,-0.39],[-0.3,-1.01],[0,0],[0,0],[0,0],[0,0],[0,0],[-0.79,0.69],[0.24,0.28],[0.28,-0.24],[0.66,-0.19],[0,0],[0,0],[0.37,0],[0,-0.39],[0,0],[0,0],[0.52,0.49],[0.23,-0.26],[-0.22,-0.27],[-1.01,-0.24],[0,0],[0,0],[0,0],[0,0],[0,0],[0.19,1.04],[0.37,-0.08],[-0.08,-0.39],[0.17,-0.71],[0,0],[0,0],[0,0],[0.17,-0.05],[0.09,-0.15],[-0.31,-0.19],[0,0],[0,0],[0.67,-0.22],[-0.12,-0.36],[-0.34,0.13],[-0.71,0.79],[0,0],[0,0],[0,0],[0,0],[0,0],[0,0],[0.99,0.36],[0.16,-0.08],[0.05,-0.17],[-0.34,-0.12],[-0.51,-0.5],[0,0],[0,0],[0,0],[-0.17,-0.33],[-0.32,0.2],[0,0],[0,0],[0.16,-0.72],[-0.1,-0.16],[-0.18,-0.03],[-0.08,0.38],[0.34,1.02],[0,0],[0,0],[0,0],[0,0],[0,0],[0.77,-0.71],[-0.24,-0.29],[-0.28,0.25],[-0.67,0.2],[0,0],[0,0],[-0.38,0],[0,0.38],[0,0],[0,0],[-0.51,-0.47],[-0.25,0.07],[-0.04,0.27],[0.22,0.15],[1,0.25],[0,0],[0,0],[0,0],[0,0],[0,0],[-0.21,-1.04],[-0.15,-0.1],[-0.17,0.03],[0.08,0.37],[-0.15,0.7],[0,0],[0,0],[0,0],[-0.24,0.12],[0.01,0.27]],"o":[[-0.01,-0.27],[0,0],[0,0],[0,0],[0,0],[0.51,-0.5],[0.34,-0.12],[-0.06,-0.18],[-0.16,-0.08],[-0.99,0.34],[0,0],[0,0],[0,0],[0,0],[0,0],[0,0],[0.71,0.79],[0.17,0.06],[0.16,-0.09],[0.11,-0.36],[-0.68,-0.22],[0,0],[0,0],[0,0],[0.32,-0.19],[-0.09,-0.16],[-0.18,-0.05],[0,0],[0,0],[-0.17,-0.69],[0.03,-0.19],[-0.1,-0.16],[-0.37,-0.08],[-0.2,1.04],[0,0],[0,0],[0,0],[0,0],[0,0],[1,-0.26],[0.27,-0.25],[-0.25,-0.28],[-0.52,0.48],[0,0],[0,0],[0,-0.39],[-0.38,0],[0,0],[0,0],[-0.68,-0.2],[-0.28,-0.19],[-0.22,0.27],[0.77,0.71],[0,0],[0,0],[0,0],[0,0],[0,0],[0.29,-1.01],[-0.07,-0.39],[-0.37,0.08],[0.16,0.71],[0,0],[0,0],[0,0],[-0.16,-0.09],[-0.17,0.05],[-0.16,0.33],[0,0],[0,0],[-0.52,0.5],[-0.35,0.12],[0.12,0.36],[1,-0.33],[0,0],[0,0],[0,0],[0,0],[0,0],[0,0],[-0.72,-0.77],[-0.17,-0.05],[-0.17,0.08],[-0.11,0.36],[0.67,0.23],[0,0],[0,0],[0,0],[-0.32,0.18],[0.2,0.33],[0,0],[0,0],[0.18,0.71],[-0.03,0.18],[0.1,0.16],[0.37,0.07],[0.21,-1.05],[0,0],[0,0],[0,0],[0,0],[0,0],[-1.01,0.23],[-0.27,0.25],[0.24,0.28],[0.52,-0.48],[0,0],[0,0],[0,0.38],[0.37,0],[0,0],[0,0],[0.65,0.2],[0.17,0.21],[0.26,-0.07],[0.04,-0.27],[-0.78,-0.7],[0,0],[0,0],[0,0],[0,0],[0,0],[-0.31,1.02],[0.03,0.18],[0.15,0.1],[0.36,-0.1],[-0.15,-0.7],[0,0],[0,0],[0,0],[0.21,0.17],[0.24,-0.13],[0,0]],"v":[[11.125,6.118],[10.705,5.498],[10.665,5.478],[10.695,5.458],[8.195,4.008],[8.225,3.978],[10.035,2.868],[10.455,2.008],[10.115,1.598],[9.605,1.568],[6.995,3.278],[6.985,3.298],[6.965,3.278],[1.325,-0.012],[1.365,-0.032],[6.965,-3.302],[6.985,-3.282],[9.595,-1.572],[10.125,-1.622],[10.455,-2.042],[10.035,-2.912],[8.205,-4.022],[8.175,-4.052],[8.205,-4.072],[10.715,-5.522],[10.965,-6.452],[10.555,-6.772],[10.035,-6.702],[7.505,-5.232],[7.495,-5.272],[7.455,-7.412],[7.345,-7.942],[6.905,-8.242],[6.105,-7.682],[6.255,-4.542],[6.265,-4.522],[6.245,-4.512],[0.615,-1.202],[0.615,-7.802],[0.635,-7.802],[3.365,-9.252],[3.415,-10.222],[2.475,-10.292],[0.675,-9.262],[0.635,-9.242],[0.635,-12.182],[-0.035,-12.882],[-0.715,-12.182],[-0.715,-9.242],[-0.745,-9.262],[-2.575,-10.312],[-3.465,-10.192],[-3.465,-9.262],[-0.735,-7.822],[-0.715,-7.822],[-0.715,-1.212],[-0.755,-1.242],[-6.405,-4.532],[-6.405,-4.552],[-6.245,-7.692],[-7.055,-8.252],[-7.595,-7.412],[-7.605,-5.242],[-7.615,-5.212],[-7.645,-5.222],[-10.125,-6.682],[-10.645,-6.752],[-11.055,-6.432],[-10.785,-5.512],[-8.245,-4.052],[-8.275,-4.022],[-10.095,-2.912],[-10.515,-2.032],[-9.665,-1.602],[-7.045,-3.312],[-7.035,-3.322],[-7.015,-3.312],[-1.385,-0.022],[-1.425,0.008],[-7.065,3.268],[-7.085,3.258],[-9.695,1.538],[-10.205,1.578],[-10.545,1.978],[-10.125,2.848],[-8.315,3.958],[-8.285,3.988],[-8.315,4.008],[-10.775,5.468],[-11.035,6.408],[-10.105,6.648],[-7.565,5.178],[-7.555,5.218],[-7.525,7.408],[-7.415,7.938],[-6.975,8.238],[-6.165,7.678],[-6.355,4.508],[-6.355,4.488],[-6.335,4.468],[-0.665,1.168],[-0.665,7.768],[-0.685,7.778],[-3.415,9.218],[-3.465,10.198],[-2.525,10.258],[-0.705,9.208],[-0.665,9.198],[-0.665,12.188],[0.015,12.878],[0.685,12.188],[0.685,9.248],[0.725,9.258],[2.505,10.278],[3.205,10.508],[3.695,9.938],[3.395,9.248],[0.675,7.798],[0.655,7.798],[0.655,1.198],[0.695,1.228],[6.345,4.508],[6.335,4.528],[6.185,7.678],[6.475,8.128],[6.985,8.228],[7.485,7.408],[7.485,5.258],[7.495,5.218],[7.525,5.238],[10.025,6.688],[10.755,6.768],[11.125,6.118]],"c":true},"ix":2},"nm":"路径 1","mn":"ADBE Vector Shape - Group","hd":false},{"ty":"fl","c":{"a":0,"k":[0.121568634931,0.533333333333,0.929411824544,1],"ix":4},"o":{"a":0,"k":100,"ix":5},"r":1,"bm":0,"nm":"填充 1","mn":"ADBE Vector Graphic - Fill","hd":false},{"ty":"tr","p":{"a":0,"k":[0,0],"ix":2},"a":{"a":0,"k":[0,0],"ix":1},"s":{"a":0,"k":[100,100],"ix":3},"r":{"a":0,"k":0,"ix":6},"o":{"a":0,"k":100,"ix":7},"sk":{"a":0,"k":0,"ix":4},"sa":{"a":0,"k":0,"ix":5},"nm":"变换"}],"nm":"路径","np":2,"cix":2,"bm":0,"ix":1,"mn":"ADBE Vector Group","hd":false}],"ip":0,"op":300,"st":0,"bm":0},{"ddd":0,"ind":18,"ty":4,"nm":"椭圆形备份 15","sr":1,"ks":{"o":{"a":1,"k":[{"i":{"x":[0.833],"y":[0.833]},"o":{"x":[0.167],"y":[0.167]},"t":0,"s":[100]},{"i":{"x":[0.833],"y":[0.833]},"o":{"x":[0.167],"y":[0.167]},"t":15,"s":[0]},{"i":{"x":[0.833],"y":[0.833]},"o":{"x":[0.167],"y":[0.167]},"t":30,"s":[0]},{"i":{"x":[0.833],"y":[0.833]},"o":{"x":[0.167],"y":[0.167]},"t":45,"s":[0]},{"i":{"x":[0.833],"y":[0.833]},"o":{"x":[0.167],"y":[0.167]},"t":46,"s":[100]},{"i":{"x":[0.833],"y":[0.833]},"o":{"x":[0.167],"y":[0.167]},"t":60,"s":[0]},{"i":{"x":[0.833],"y":[0.833]},"o":{"x":[0.167],"y":[0.167]},"t":75,"s":[0]},{"i":{"x":[0.833],"y":[0.833]},"o":{"x":[0.167],"y":[0.167]},"t":90,"s":[0]},{"i":{"x":[0.833],"y":[0.833]},"o":{"x":[0.167],"y":[0.167]},"t":91,"s":[100]},{"i":{"x":[0.833],"y":[0.833]},"o":{"x":[0.167],"y":[0.167]},"t":105,"s":[0]},{"i":{"x":[0.833],"y":[0.833]},"o":{"x":[0.167],"y":[0.167]},"t":120,"s":[0]},{"i":{"x":[0.833],"y":[0.833]},"o":{"x":[0.167],"y":[0.167]},"t":135,"s":[0]},{"i":{"x":[0.833],"y":[0.833]},"o":{"x":[0.167],"y":[0.167]},"t":136,"s":[100]},{"i":{"x":[0.833],"y":[0.833]},"o":{"x":[0.167],"y":[0.167]},"t":150,"s":[0]},{"t":165,"s":[0]}],"ix":11},"r":{"a":0,"k":0,"ix":10},"p":{"a":0,"k":[184,102,0],"ix":2},"a":{"a":0,"k":[0,0,0],"ix":1},"s":{"a":1,"k":[{"i":{"x":[0.833,0.833,0.833],"y":[0.833,0.833,0.833]},"o":{"x":[0.167,0.167,0.167],"y":[0.167,0.167,0.167]},"t":0,"s":[86.42,86.42,100]},{"i":{"x":[0.833,0.833,0.833],"y":[0.833,0.833,0.833]},"o":{"x":[0.167,0.167,0.167],"y":[0.167,0.167,0.167]},"t":15,"s":[110,110,100]},{"i":{"x":[0.833,0.833,0.833],"y":[0.833,0.833,0.833]},"o":{"x":[0.167,0.167,0.167],"y":[0.167,0.167,0.167]},"t":30,"s":[86.4,86.4,100]},{"i":{"x":[0.833,0.833,0.833],"y":[0.833,0.833,0.833]},"o":{"x":[0.167,0.167,0.167],"y":[0.167,0.167,0.167]},"t":46,"s":[86.42,86.42,100]},{"i":{"x":[0.833,0.833,0.833],"y":[0.833,0.833,0.833]},"o":{"x":[0.167,0.167,0.167],"y":[0.167,0.167,0.167]},"t":60,"s":[110,110,100]},{"i":{"x":[0.833,0.833,0.833],"y":[0.833,0.833,0.833]},"o":{"x":[0.167,0.167,0.167],"y":[0.167,0.167,0.167]},"t":75,"s":[86.4,86.4,100]},{"i":{"x":[0.833,0.833,0.833],"y":[0.833,0.833,0.833]},"o":{"x":[0.167,0.167,0.167],"y":[0.167,0.167,0.167]},"t":91,"s":[86.42,86.42,100]},{"i":{"x":[0.833,0.833,0.833],"y":[0.833,0.833,0.833]},"o":{"x":[0.167,0.167,0.167],"y":[0.167,0.167,0.167]},"t":105,"s":[110,110,100]},{"i":{"x":[0.833,0.833,0.833],"y":[0.833,0.833,0.833]},"o":{"x":[0.167,0.167,0.167],"y":[0.167,0.167,0.167]},"t":120,"s":[86.4,86.4,100]},{"i":{"x":[0.833,0.833,0.833],"y":[0.833,0.833,0.833]},"o":{"x":[0.167,0.167,0.167],"y":[0.167,0.167,0.167]},"t":136,"s":[86.42,86.42,100]},{"i":{"x":[0.833,0.833,0.833],"y":[0.833,0.833,0.833]},"o":{"x":[0.167,0.167,0.167],"y":[0.167,0.167,0.167]},"t":150,"s":[110,110,100]},{"t":165,"s":[86.4,86.4,100]}],"ix":6}},"ao":0,"shapes":[{"ty":"gr","it":[{"d":1,"ty":"el","s":{"a":0,"k":[162,162],"ix":2},"p":{"a":0,"k":[0,0],"ix":3},"nm":"椭圆路径 1","mn":"ADBE Vector Shape - Ellipse","hd":false},{"ty":"st","c":{"a":0,"k":[0.752941176471,0.878431372549,1,1],"ix":3},"o":{"a":0,"k":100,"ix":4},"w":{"a":0,"k":1,"ix":5},"lc":1,"lj":1,"ml":4,"bm":0,"nm":"描边 1","mn":"ADBE Vector Graphic - Stroke","hd":false},{"ty":"tr","p":{"a":0,"k":[0,0],"ix":2},"a":{"a":0,"k":[0,0],"ix":1},"s":{"a":0,"k":[100,100],"ix":3},"r":{"a":0,"k":0,"ix":6},"o":{"a":0,"k":100,"ix":7},"sk":{"a":0,"k":0,"ix":4},"sa":{"a":0,"k":0,"ix":5},"nm":"变换"}],"nm":"椭圆形备份 15","np":2,"cix":2,"bm":0,"ix":1,"mn":"ADBE Vector Group","hd":false}],"ip":0,"op":300,"st":0,"bm":0}],"markers":[]}