{"v":"5.6.10","fr":60,"ip":0,"op":359,"w":240,"h":240,"nm":"Phone Boost备份 4","ddd":0,"assets":[{"id":"comp_0","layers":[{"ddd":0,"ind":1,"ty":0,"nm":"机身2","td":1,"refId":"comp_1","sr":1,"ks":{"o":{"a":0,"k":100,"ix":11},"r":{"a":0,"k":0,"ix":10},"p":{"a":0,"k":[120,120,0],"ix":2},"a":{"a":0,"k":[120,120,0],"ix":1},"s":{"a":0,"k":[100,100,100],"ix":6}},"ao":0,"w":240,"h":240,"ip":0,"op":543,"st":0,"bm":0},{"ddd":0,"ind":2,"ty":0,"nm":"窗户","tt":1,"refId":"comp_2","sr":1,"ks":{"o":{"a":1,"k":[{"i":{"x":[0.833],"y":[0.833]},"o":{"x":[0.167],"y":[0.167]},"t":180,"s":[100]},{"i":{"x":[0.833],"y":[0.833]},"o":{"x":[0.167],"y":[0.167]},"t":195,"s":[100]},{"i":{"x":[0.833],"y":[0.833]},"o":{"x":[0.167],"y":[0.167]},"t":196,"s":[0]},{"i":{"x":[0.833],"y":[0.833]},"o":{"x":[0.167],"y":[0.167]},"t":209,"s":[0]},{"i":{"x":[0.833],"y":[0.833]},"o":{"x":[0.167],"y":[0.167]},"t":210,"s":[100]},{"i":{"x":[0.833],"y":[0.833]},"o":{"x":[0.167],"y":[0.167]},"t":225,"s":[100]},{"i":{"x":[0.833],"y":[0.833]},"o":{"x":[0.167],"y":[0.167]},"t":240,"s":[100]},{"i":{"x":[0.833],"y":[0.833]},"o":{"x":[0.167],"y":[0.167]},"t":241,"s":[0]},{"i":{"x":[0.833],"y":[0.833]},"o":{"x":[0.167],"y":[0.167]},"t":252,"s":[0]},{"i":{"x":[0.833],"y":[0.833]},"o":{"x":[0.167],"y":[0.167]},"t":253,"s":[0]},{"i":{"x":[0.833],"y":[0.833]},"o":{"x":[0.167],"y":[0.167]},"t":255,"s":[0]},{"t":256,"s":[100]}],"ix":11},"r":{"a":0,"k":0,"ix":10},"p":{"a":1,"k":[{"i":{"x":0.833,"y":0.833},"o":{"x":0.167,"y":0.167},"t":180,"s":[120,120,0],"to":[4.833,0,0],"ti":[4.5,0,0]},{"i":{"x":0.833,"y":0.833},"o":{"x":0.167,"y":0.167},"t":195,"s":[149,120,0],"to":[-4.5,0,0],"ti":[4.667,0,0]},{"i":{"x":0.833,"y":0.833},"o":{"x":0.167,"y":0.167},"t":210,"s":[93,120,0],"to":[-4.667,0,0],"ti":[-9.333,0,0]},{"i":{"x":0.833,"y":0.833},"o":{"x":0.167,"y":0.167},"t":225,"s":[121,120,0],"to":[9.333,0,0],"ti":[4.75,0,0]},{"i":{"x":0.833,"y":0.833},"o":{"x":0.167,"y":0.167},"t":240,"s":[149,120,0],"to":[-4.75,0,0],"ti":[4.667,0,0]},{"i":{"x":0.833,"y":0.833},"o":{"x":0.167,"y":0.167},"t":255,"s":[92.5,120,0],"to":[-4.667,0,0],"ti":[-4.75,0,0]},{"t":269,"s":[121,120,0]}],"ix":2},"a":{"a":0,"k":[120,120,0],"ix":1},"s":{"a":0,"k":[100,100,100],"ix":6}},"ao":0,"w":240,"h":240,"ip":0,"op":544,"st":0,"bm":0},{"ddd":0,"ind":3,"ty":0,"nm":"机身","refId":"comp_1","sr":1,"ks":{"o":{"a":0,"k":100,"ix":11},"r":{"a":0,"k":0,"ix":10},"p":{"a":0,"k":[120,120,0],"ix":2},"a":{"a":0,"k":[120,120,0],"ix":1},"s":{"a":0,"k":[100,100,100],"ix":6}},"ao":0,"w":240,"h":240,"ip":0,"op":544,"st":0,"bm":0},{"ddd":0,"ind":4,"ty":0,"nm":"预合成 9","refId":"comp_3","sr":1,"ks":{"o":{"a":0,"k":100,"ix":11},"r":{"a":0,"k":0,"ix":10},"p":{"a":0,"k":[120,120,0],"ix":2},"a":{"a":0,"k":[120,120,0],"ix":1},"s":{"a":0,"k":[100,100,100],"ix":6}},"ao":0,"w":240,"h":240,"ip":0,"op":544,"st":0,"bm":0},{"ddd":0,"ind":5,"ty":0,"nm":"尾巴","refId":"comp_4","sr":1,"ks":{"o":{"a":0,"k":100,"ix":11},"r":{"a":0,"k":0,"ix":10},"p":{"a":0,"k":[120,120,0],"ix":2},"a":{"a":0,"k":[120,120,0],"ix":1},"s":{"a":1,"k":[{"i":{"x":[0.833,0.833,0.833],"y":[0.833,0.833,0.833]},"o":{"x":[0.167,0.167,0.167],"y":[0.167,0.167,0.167]},"t":30,"s":[100,100,100]},{"i":{"x":[0.833,0.833,0.833],"y":[0.833,0.833,0.833]},"o":{"x":[0.167,0.167,0.167],"y":[0.167,0.167,0.167]},"t":44,"s":[75,75,100]},{"i":{"x":[0.833,0.833,0.833],"y":[0.833,0.833,0.833]},"o":{"x":[0.167,0.167,0.167],"y":[0.167,0.167,0.167]},"t":61,"s":[100,100,100]},{"i":{"x":[0.833,0.833,0.833],"y":[0.833,0.833,0.833]},"o":{"x":[0.167,0.167,0.167],"y":[0.167,0.167,0.167]},"t":75,"s":[75,75,100]},{"i":{"x":[0.833,0.833,0.833],"y":[0.833,0.833,0.833]},"o":{"x":[0.167,0.167,0.167],"y":[0.167,0.167,0.167]},"t":90,"s":[100,100,100]},{"i":{"x":[0.833,0.833,0.833],"y":[0.833,0.833,0.833]},"o":{"x":[0.167,0.167,0.167],"y":[0.167,0.167,0.167]},"t":105,"s":[75,75,100]},{"i":{"x":[0.833,0.833,0.833],"y":[0.833,0.833,0.833]},"o":{"x":[0.167,0.167,0.167],"y":[0.167,0.167,0.167]},"t":106,"s":[100,100,100]},{"i":{"x":[0.833,0.833,0.833],"y":[0.833,0.833,0.833]},"o":{"x":[0.167,0.167,0.167],"y":[0.167,0.167,0.167]},"t":120,"s":[100,100,100]},{"i":{"x":[0.833,0.833,0.833],"y":[0.833,0.833,0.833]},"o":{"x":[0.167,0.167,0.167],"y":[0.167,0.167,0.167]},"t":135,"s":[100,100,100]},{"i":{"x":[0.833,0.833,0.833],"y":[0.833,0.833,0.833]},"o":{"x":[0.167,0.167,0.167],"y":[0.167,0.167,0.167]},"t":150,"s":[75,75,100]},{"i":{"x":[0.833,0.833,0.833],"y":[0.833,0.833,0.833]},"o":{"x":[0.167,0.167,0.167],"y":[0.167,0.167,0.167]},"t":166,"s":[100,100,100]},{"i":{"x":[0.833,0.833,0.833],"y":[0.833,0.833,0.833]},"o":{"x":[0.167,0.167,0.167],"y":[0.167,0.167,0.167]},"t":180,"s":[75,75,100]},{"i":{"x":[0.833,0.833,0.833],"y":[0.833,0.833,0.833]},"o":{"x":[0.167,0.167,0.167],"y":[0.167,0.167,0.167]},"t":195,"s":[100,100,100]},{"i":{"x":[0.833,0.833,0.833],"y":[0.833,0.833,0.833]},"o":{"x":[0.167,0.167,0.167],"y":[0.167,0.167,0.167]},"t":210,"s":[75,75,100]},{"i":{"x":[0.833,0.833,0.833],"y":[0.833,0.833,0.833]},"o":{"x":[0.167,0.167,0.167],"y":[0.167,0.167,0.167]},"t":225,"s":[100,100,100]},{"i":{"x":[0.833,0.833,0.833],"y":[0.833,0.833,0.833]},"o":{"x":[0.167,0.167,0.167],"y":[0.167,0.167,0.167]},"t":240,"s":[75,75,100]},{"i":{"x":[0.833,0.833,0.833],"y":[0.833,0.833,0.833]},"o":{"x":[0.167,0.167,0.167],"y":[0.167,0.167,0.167]},"t":255,"s":[100,100,100]},{"t":270,"s":[100,100,100]}],"ix":6}},"ao":0,"w":240,"h":240,"ip":0,"op":545,"st":0,"bm":0}]},{"id":"comp_1","layers":[{"ddd":0,"ind":1,"ty":4,"nm":"路径","sr":1,"ks":{"o":{"a":0,"k":100,"ix":11},"r":{"a":0,"k":0,"ix":10},"p":{"a":0,"k":[121.216,135.101,0],"ix":2},"a":{"a":0,"k":[0,0,0],"ix":1},"s":{"a":0,"k":[100,100,100],"ix":6}},"ao":0,"shapes":[{"ty":"gr","it":[{"ind":0,"ty":"sh","ix":1,"ks":{"a":0,"k":{"i":[[0,0],[0.29,-0.27],[0.41,0],[0,0],[0.3,0.26],[0,0.37],[0,0],[-0.29,0.26],[-0.42,0],[0,0],[-0.3,-0.26],[0,-0.37]],"o":[[0.01,0.37],[-0.3,0.27],[0,0],[-0.42,0],[-0.3,-0.26],[0,0],[-0.01,-0.37],[0.29,-0.27],[0,0],[0.42,-0.01],[0.3,0.25],[0,0]],"v":[[2.259,12.292],[1.819,13.292],[0.709,13.712],[-0.141,13.732],[-1.271,13.332],[-1.741,12.352],[-3.861,-12.258],[-3.411,-13.248],[-2.301,-13.668],[2.259,-13.728],[3.379,-13.328],[3.859,-12.348]],"c":true},"ix":2},"nm":"路径 1","mn":"ADBE Vector Shape - Group","hd":false},{"ty":"fl","c":{"a":0,"k":[0.121568627451,0.533333333333,0.929411764706,1],"ix":4},"o":{"a":0,"k":100,"ix":5},"r":1,"bm":0,"nm":"填充 1","mn":"ADBE Vector Graphic - Fill","hd":false},{"ty":"tr","p":{"a":0,"k":[0,0],"ix":2},"a":{"a":0,"k":[0,0],"ix":1},"s":{"a":0,"k":[100,100],"ix":3},"r":{"a":0,"k":0,"ix":6},"o":{"a":0,"k":100,"ix":7},"sk":{"a":0,"k":0,"ix":4},"sa":{"a":0,"k":0,"ix":5},"nm":"变换"}],"nm":"路径","np":2,"cix":2,"bm":0,"ix":1,"mn":"ADBE Vector Group","hd":false}],"ip":0,"op":541,"st":0,"bm":0},{"ddd":0,"ind":2,"ty":4,"nm":"路径","sr":1,"ks":{"o":{"a":0,"k":100,"ix":11},"r":{"a":0,"k":0,"ix":10},"p":{"a":0,"k":[120.787,141.965,0],"ix":2},"a":{"a":0,"k":[0,0,0],"ix":1},"s":{"a":0,"k":[100,100,100],"ix":6}},"ao":0,"shapes":[{"ty":"gr","it":[{"ind":0,"ty":"sh","ix":1,"ks":{"a":0,"k":{"i":[[0,0],[0.11,-0.14],[0.16,-0.01],[0,0],[0.01,0.41],[0,0],[-0.33,0],[0,0],[-0.12,-0.14],[0,-0.2]],"o":[[0.01,0.19],[-0.11,0.14],[0,0],[-0.33,0],[0,0],[0,-0.41],[0,0],[0.16,0],[0.11,0.13],[0,0]],"v":[[7.718,-0.128],[7.558,0.392],[7.138,0.622],[-7.112,0.862],[-7.722,0.132],[-7.722,0.132],[-7.132,-0.618],[7.118,-0.858],[7.548,-0.648],[7.718,-0.128]],"c":true},"ix":2},"nm":"路径 1","mn":"ADBE Vector Shape - Group","hd":false},{"ty":"fl","c":{"a":0,"k":[0.921568989754,0.541176021099,0.152941003442,1],"ix":4},"o":{"a":0,"k":100,"ix":5},"r":1,"bm":0,"nm":"填充 1","mn":"ADBE Vector Graphic - Fill","hd":false},{"ty":"tr","p":{"a":0,"k":[0,0],"ix":2},"a":{"a":0,"k":[0,0],"ix":1},"s":{"a":0,"k":[100,100],"ix":3},"r":{"a":0,"k":0,"ix":6},"o":{"a":0,"k":100,"ix":7},"sk":{"a":0,"k":0,"ix":4},"sa":{"a":0,"k":0,"ix":5},"nm":"变换"}],"nm":"路径","np":2,"cix":2,"bm":0,"ix":1,"mn":"ADBE Vector Group","hd":false}],"ip":0,"op":541,"st":0,"bm":0},{"ddd":0,"ind":3,"ty":4,"nm":"路径","sr":1,"ks":{"o":{"a":0,"k":100,"ix":11},"r":{"a":0,"k":0,"ix":10},"p":{"a":0,"k":[121.216,139.391,0],"ix":2},"a":{"a":0,"k":[0,0,0],"ix":1},"s":{"a":0,"k":[100,100,100],"ix":6}},"ao":0,"shapes":[{"ty":"gr","it":[{"ind":0,"ty":"sh","ix":1,"ks":{"a":0,"k":{"i":[[0,0],[0.22,-0.15],[0.32,-0.01],[0,0],[0.23,0.15],[0,0.21],[0,0],[-0.67,0.01],[0,0],[-0.23,-0.14],[0,-0.21]],"o":[[0.01,0.21],[-0.23,0.15],[0,0],[-0.32,0],[-0.23,-0.14],[0,0],[-0.01,-0.43],[0,0],[0.33,0],[0.23,0.15],[0,0]],"v":[[9.863,-0.088],[9.523,0.472],[8.663,0.712],[-8.627,0.862],[-9.497,0.632],[-9.867,0.082],[-9.867,0.082],[-8.667,-0.708],[8.623,-0.858],[9.493,-0.638],[9.863,-0.078]],"c":true},"ix":2},"nm":"路径 1","mn":"ADBE Vector Shape - Group","hd":false},{"ty":"fl","c":{"a":0,"k":[0.819607973099,0.301961004734,0.168626993895,1],"ix":4},"o":{"a":0,"k":100,"ix":5},"r":1,"bm":0,"nm":"填充 1","mn":"ADBE Vector Graphic - Fill","hd":false},{"ty":"tr","p":{"a":0,"k":[0,0],"ix":2},"a":{"a":0,"k":[0,0],"ix":1},"s":{"a":0,"k":[100,100],"ix":3},"r":{"a":0,"k":0,"ix":6},"o":{"a":0,"k":100,"ix":7},"sk":{"a":0,"k":0,"ix":4},"sa":{"a":0,"k":0,"ix":5},"nm":"变换"}],"nm":"路径","np":2,"cix":2,"bm":0,"ix":1,"mn":"ADBE Vector Group","hd":false}],"ip":0,"op":541,"st":0,"bm":0},{"ddd":0,"ind":4,"ty":4,"nm":"路径","sr":1,"ks":{"o":{"a":0,"k":100,"ix":11},"r":{"a":0,"k":0,"ix":10},"p":{"a":0,"k":[119.5,87.053,0],"ix":2},"a":{"a":0,"k":[0,0,0],"ix":1},"s":{"a":0,"k":[100,100,100],"ix":6}},"ao":0,"shapes":[{"ty":"gr","it":[{"ind":0,"ty":"sh","ix":1,"ks":{"a":0,"k":{"i":[[-5.4,0.08],[-3.55,4.15],[2.16,-0.03],[4.11,-10.57]],"o":[[5.4,-0.07],[-4.39,-11.18],[-2.1,0.03],[3.67,4.05]],"v":[[0.083,12.008],[14.153,5.378],[-0.247,-12.012],[-14.157,5.768]],"c":true},"ix":2},"nm":"路径 1","mn":"ADBE Vector Shape - Group","hd":false},{"ty":"fl","c":{"a":0,"k":[0.121568627451,0.533333333333,0.929411764706,1],"ix":4},"o":{"a":0,"k":100,"ix":5},"r":1,"bm":0,"nm":"填充 1","mn":"ADBE Vector Graphic - Fill","hd":false},{"ty":"tr","p":{"a":0,"k":[0,0],"ix":2},"a":{"a":0,"k":[0,0],"ix":1},"s":{"a":0,"k":[100,100],"ix":3},"r":{"a":0,"k":0,"ix":6},"o":{"a":0,"k":100,"ix":7},"sk":{"a":0,"k":0,"ix":4},"sa":{"a":0,"k":0,"ix":5},"nm":"变换"}],"nm":"路径","np":2,"cix":2,"bm":0,"ix":1,"mn":"ADBE Vector Group","hd":false}],"ip":0,"op":541,"st":0,"bm":0},{"ddd":0,"ind":5,"ty":4,"nm":"路径","sr":1,"ks":{"o":{"a":0,"k":100,"ix":11},"r":{"a":0,"k":0,"ix":10},"p":{"a":0,"k":[119.63,115.636,0],"ix":2},"a":{"a":0,"k":[0,0,0],"ix":1},"s":{"a":0,"k":[100,100,100],"ix":6}},"ao":0,"shapes":[{"ty":"gr","it":[{"ind":0,"ty":"sh","ix":1,"ks":{"a":0,"k":{"i":[[1.53,3.83],[5.32,-0.07],[3.62,3.91],[0.12,-4.33],[-5.37,-6.77],[0,0],[0.85,10.15]],"o":[[-3.51,4],[-5.31,0.07],[-1.45,3.66],[-0.28,9.54],[0,0],[5.86,-4.36],[-0.34,-4.11]],"v":[[13.749,-23.595],[-0.121,-17.195],[-14.151,-23.225],[-16.711,-11.165],[-8.451,23.595],[8.879,23.355],[16.579,-11.615]],"c":true},"ix":2},"nm":"路径 1","mn":"ADBE Vector Shape - Group","hd":false},{"ty":"fl","c":{"a":0,"k":[0.996078014374,0.776471018791,0.254902005196,1],"ix":4},"o":{"a":0,"k":100,"ix":5},"r":1,"bm":0,"nm":"填充 1","mn":"ADBE Vector Graphic - Fill","hd":false},{"ty":"tr","p":{"a":0,"k":[0,0],"ix":2},"a":{"a":0,"k":[0,0],"ix":1},"s":{"a":0,"k":[100,100],"ix":3},"r":{"a":0,"k":0,"ix":6},"o":{"a":0,"k":100,"ix":7},"sk":{"a":0,"k":0,"ix":4},"sa":{"a":0,"k":0,"ix":5},"nm":"变换"}],"nm":"路径","np":2,"cix":2,"bm":0,"ix":1,"mn":"ADBE Vector Group","hd":false}],"ip":0,"op":541,"st":0,"bm":0}]},{"id":"comp_2","layers":[{"ddd":0,"ind":1,"ty":4,"nm":"路径","sr":1,"ks":{"o":{"a":0,"k":100,"ix":11},"r":{"a":0,"k":0,"ix":10},"p":{"a":0,"k":[119.621,102.862,0],"ix":2},"a":{"a":0,"k":[0,0,0],"ix":1},"s":{"a":0,"k":[100,100,100],"ix":6}},"ao":0,"shapes":[{"ty":"gr","it":[{"ind":0,"ty":"sh","ix":1,"ks":{"a":0,"k":{"i":[[0,0],[0.54,0.65],[0.31,0.26],[1.75,0.01],[0,0],[1.33,-1.29],[-0.03,-1.81],[-0.25,-0.68],[-3.49,0.58],[0.05,3.35],[0.22,0.63]],"o":[[-0.26,-0.79],[-0.26,-0.31],[-1.31,-1.11],[0,0],[-1.92,0.02],[-1.34,1.3],[0.01,0.73],[1.15,3.17],[3.5,-0.58],[0,-0.67],[0,0]],"v":[[6.878,-2.061],[5.658,-4.241],[4.808,-5.091],[0.048,-6.821],[-0.092,-6.821],[-5.172,-4.761],[-7.222,0.089],[-6.822,2.219],[1.238,6.719],[7.218,-0.091],[6.878,-2.061]],"c":true},"ix":2},"nm":"路径 1","mn":"ADBE Vector Shape - Group","hd":false},{"ty":"fl","c":{"a":0,"k":[0.121568627451,0.533333333333,0.929411764706,1],"ix":4},"o":{"a":0,"k":100,"ix":5},"r":1,"bm":0,"nm":"填充 1","mn":"ADBE Vector Graphic - Fill","hd":false},{"ty":"tr","p":{"a":0,"k":[0,0],"ix":2},"a":{"a":0,"k":[0,0],"ix":1},"s":{"a":0,"k":[100,100],"ix":3},"r":{"a":0,"k":0,"ix":6},"o":{"a":0,"k":100,"ix":7},"sk":{"a":0,"k":0,"ix":4},"sa":{"a":0,"k":0,"ix":5},"nm":"变换"}],"nm":"路径","np":2,"cix":2,"bm":0,"ix":1,"mn":"ADBE Vector Group","hd":false}],"ip":0,"op":541,"st":0,"bm":0},{"ddd":0,"ind":2,"ty":4,"nm":"路径","sr":1,"ks":{"o":{"a":0,"k":100,"ix":11},"r":{"a":0,"k":0,"ix":10},"p":{"a":0,"k":[119.766,102.908,0],"ix":2},"a":{"a":0,"k":[0,0,0],"ix":1},"s":{"a":0,"k":[100,100,100],"ix":6}},"ao":0,"shapes":[{"ty":"gr","it":[{"ind":0,"ty":"sh","ix":1,"ks":{"a":0,"k":{"i":[[0,0],[0.75,0.93],[0.42,0.38],[2.4,0.02],[0.06,0],[1.28,-4.06],[-3.45,-2.49],[-3.45,2.5],[1.29,4.06]],"o":[[-0.37,-1.14],[-0.35,-0.45],[-1.79,-1.6],[-0.06,0],[-4.25,0.06],[-1.28,4.06],[3.46,2.49],[3.45,-2.5],[0,0]],"v":[[9.403,-2.987],[7.723,-6.127],[6.563,-7.367],[0.053,-9.867],[-0.137,-9.867],[-9.407,-2.967],[-5.777,8.003],[5.783,7.993],[9.403,-2.987]],"c":true},"ix":2},"nm":"路径 1","mn":"ADBE Vector Shape - Group","hd":false},{"ty":"fl","c":{"a":0,"k":[0.047058823529,0.38431372549,0.709803921569,1],"ix":4},"o":{"a":0,"k":100,"ix":5},"r":1,"bm":0,"nm":"填充 1","mn":"ADBE Vector Graphic - Fill","hd":false},{"ty":"tr","p":{"a":0,"k":[0,0],"ix":2},"a":{"a":0,"k":[0,0],"ix":1},"s":{"a":0,"k":[100,100],"ix":3},"r":{"a":0,"k":0,"ix":6},"o":{"a":0,"k":100,"ix":7},"sk":{"a":0,"k":0,"ix":4},"sa":{"a":0,"k":0,"ix":5},"nm":"变换"}],"nm":"路径","np":2,"cix":2,"bm":0,"ix":1,"mn":"ADBE Vector Group","hd":false}],"ip":0,"op":541,"st":0,"bm":0}]},{"id":"comp_3","layers":[{"ddd":0,"ind":1,"ty":4,"nm":"路径","sr":1,"ks":{"o":{"a":0,"k":100,"ix":11},"r":{"a":0,"k":0,"ix":10},"p":{"a":0,"k":[139.234,126.092,0],"ix":2},"a":{"a":0,"k":[0,0,0],"ix":1},"s":{"a":0,"k":[100,100,100],"ix":6}},"ao":0,"shapes":[{"ty":"gr","it":[{"ind":0,"ty":"sh","ix":1,"ks":{"a":0,"k":{"i":[[0,0],[-0.63,0.01],[0,0],[0.44,0.96],[0,0],[0.68,0.15],[0,0],[-0.01,-0.7]],"o":[[0.01,0.7],[0,0],[0.63,0],[0,0],[-0.16,-0.26],[0,0],[-0.63,0.01],[0,0]],"v":[[-11.373,6.713],[-10.213,7.963],[10.347,9.863],[11.467,8.593],[6.357,-3.647],[5.207,-4.897],[-10.463,-9.867],[-11.583,-8.587]],"c":true},"ix":2},"nm":"路径 1","mn":"ADBE Vector Shape - Group","hd":false},{"ty":"fl","c":{"a":0,"k":[0.121568627451,0.533333333333,0.929411764706,1],"ix":4},"o":{"a":0,"k":100,"ix":5},"r":1,"bm":0,"nm":"填充 1","mn":"ADBE Vector Graphic - Fill","hd":false},{"ty":"tr","p":{"a":0,"k":[0,0],"ix":2},"a":{"a":0,"k":[0,0],"ix":1},"s":{"a":0,"k":[100,100],"ix":3},"r":{"a":0,"k":0,"ix":6},"o":{"a":0,"k":100,"ix":7},"sk":{"a":0,"k":0,"ix":4},"sa":{"a":0,"k":0,"ix":5},"nm":"变换"}],"nm":"路径","np":2,"cix":2,"bm":0,"ix":1,"mn":"ADBE Vector Group","hd":false},{"ty":"tm","s":{"a":1,"k":[{"i":{"x":[0.833],"y":[0.833]},"o":{"x":[0.167],"y":[0.167]},"t":103,"s":[0]},{"i":{"x":[0.833],"y":[0.833]},"o":{"x":[0.167],"y":[0.167]},"t":104,"s":[100]},{"i":{"x":[0.833],"y":[0.833]},"o":{"x":[0.167],"y":[0.167]},"t":224,"s":[100]},{"t":252,"s":[6]}],"ix":1},"e":{"a":0,"k":88,"ix":2},"o":{"a":1,"k":[{"i":{"x":[0.833],"y":[0.833]},"o":{"x":[0.167],"y":[0.167]},"t":224,"s":[60]},{"i":{"x":[0.833],"y":[0.833]},"o":{"x":[0.167],"y":[0.167]},"t":233,"s":[48.641]},{"i":{"x":[0.833],"y":[0.833]},"o":{"x":[0.167],"y":[0.167]},"t":241,"s":[87.655]},{"t":253,"s":[160]}],"ix":3},"m":1,"ix":2,"nm":"修剪路径 1","mn":"ADBE Vector Filter - Trim","hd":false}],"ip":0,"op":544,"st":0,"bm":0},{"ddd":0,"ind":2,"ty":4,"nm":"路径","sr":1,"ks":{"o":{"a":0,"k":100,"ix":11},"r":{"a":0,"k":0,"ix":10},"p":{"a":0,"k":[101.482,126.092,0],"ix":2},"a":{"a":0,"k":[0,0,0],"ix":1},"s":{"a":0,"k":[100,100,100],"ix":6}},"ao":0,"shapes":[{"ty":"gr","it":[{"ind":0,"ty":"sh","ix":1,"ks":{"a":0,"k":{"i":[[0,0],[0.64,0],[0,0],[-0.43,0.98],[0,0],[-0.69,0.17],[0,0],[-0.01,-0.71]],"o":[[0,0.71],[0,0],[-0.63,0.01],[0,0],[0.16,-0.27],[0,0],[0.63,-0.01],[0,0]],"v":[[11.587,6.753],[10.447,8.043],[-10.313,9.863],[-11.473,8.613],[-6.653,-3.177],[-5.513,-4.467],[10.197,-9.867],[11.367,-8.607]],"c":true},"ix":2},"nm":"路径 1","mn":"ADBE Vector Shape - Group","hd":false},{"ty":"fl","c":{"a":0,"k":[0.121568627451,0.533333333333,0.929411764706,1],"ix":4},"o":{"a":0,"k":100,"ix":5},"r":1,"bm":0,"nm":"填充 1","mn":"ADBE Vector Graphic - Fill","hd":false},{"ty":"tr","p":{"a":0,"k":[0,0],"ix":2},"a":{"a":0,"k":[0,0],"ix":1},"s":{"a":0,"k":[100,100],"ix":3},"r":{"a":0,"k":0,"ix":6},"o":{"a":0,"k":100,"ix":7},"sk":{"a":0,"k":0,"ix":4},"sa":{"a":0,"k":0,"ix":5},"nm":"变换"}],"nm":"路径","np":2,"cix":2,"bm":0,"ix":1,"mn":"ADBE Vector Group","hd":false},{"ty":"tm","s":{"a":1,"k":[{"i":{"x":[0.833],"y":[0.833]},"o":{"x":[0.167],"y":[0.167]},"t":103,"s":[0]},{"i":{"x":[0.833],"y":[0.833]},"o":{"x":[0.167],"y":[0.167]},"t":105,"s":[100]},{"i":{"x":[0.833],"y":[0.833]},"o":{"x":[0.167],"y":[0.167]},"t":225,"s":[100]},{"t":253,"s":[6]}],"ix":1},"e":{"a":0,"k":88,"ix":2},"o":{"a":1,"k":[{"i":{"x":[0.833],"y":[0.833]},"o":{"x":[0.167],"y":[0.167]},"t":225,"s":[60]},{"i":{"x":[0.833],"y":[0.833]},"o":{"x":[0.167],"y":[0.167]},"t":234,"s":[48.641]},{"i":{"x":[0.833],"y":[0.833]},"o":{"x":[0.167],"y":[0.167]},"t":242,"s":[87.655]},{"t":254,"s":[160]}],"ix":3},"m":1,"ix":2,"nm":"修剪路径 1","mn":"ADBE Vector Filter - Trim","hd":false}],"ip":0,"op":544,"st":0,"bm":0}]},{"id":"comp_4","layers":[{"ddd":0,"ind":1,"ty":4,"nm":"路径","sr":1,"ks":{"o":{"a":0,"k":100,"ix":11},"r":{"a":0,"k":0,"ix":10},"p":{"a":0,"k":[121.287,153.976,0],"ix":2},"a":{"a":0,"k":[0,0,0],"ix":1},"s":{"a":0,"k":[100,100,100],"ix":6}},"ao":0,"shapes":[{"ty":"gr","it":[{"ind":0,"ty":"sh","ix":1,"ks":{"a":0,"k":{"i":[[-0.07,-4.96],[0.39,0],[0.06,4.4],[-2.37,0.03]],"o":[[0.06,4.59],[-0.44,0.01],[-0.06,-4.57],[2.37,-0.03]],"v":[[4.29,-1.652],[0.13,7.718],[-4.29,-1.542],[-0.08,-7.722]],"c":true},"ix":2},"nm":"路径 1","mn":"ADBE Vector Shape - Group","hd":false},{"ty":"fl","c":{"a":0,"k":[0.925490021706,0.745097994804,0.164706006646,1],"ix":4},"o":{"a":0,"k":100,"ix":5},"r":1,"bm":0,"nm":"填充 1","mn":"ADBE Vector Graphic - Fill","hd":false},{"ty":"tr","p":{"a":0,"k":[0,0],"ix":2},"a":{"a":0,"k":[0,0],"ix":1},"s":{"a":0,"k":[100,100],"ix":3},"r":{"a":0,"k":0,"ix":6},"o":{"a":0,"k":100,"ix":7},"sk":{"a":0,"k":0,"ix":4},"sa":{"a":0,"k":0,"ix":5},"nm":"变换"}],"nm":"路径","np":2,"cix":2,"bm":0,"ix":1,"mn":"ADBE Vector Group","hd":false}],"ip":0,"op":544,"st":0,"bm":0},{"ddd":0,"ind":2,"ty":4,"nm":"路径","sr":1,"ks":{"o":{"a":0,"k":100,"ix":11},"r":{"a":0,"k":0,"ix":10},"p":{"a":0,"k":[120.858,156.55,0],"ix":2},"a":{"a":0,"k":[0,0,0],"ix":1},"s":{"a":0,"k":[100,100,100],"ix":6}},"ao":0,"shapes":[{"ty":"gr","it":[{"ind":0,"ty":"sh","ix":1,"ks":{"a":0,"k":{"i":[[-0.11,-8.82],[0.65,-0.01],[0.11,7.82],[-4.03,0.05]],"o":[[0.11,8.17],[-0.75,0.01],[-0.1,-8.13],[4.03,-0.05]],"v":[[7.287,-2.938],[0.227,13.732],[-7.293,-2.738],[-0.143,-13.728]],"c":true},"ix":2},"nm":"路径 1","mn":"ADBE Vector Shape - Group","hd":false},{"ty":"fl","c":{"a":0,"k":[0.917647004128,0.450980007648,0.149020001292,1],"ix":4},"o":{"a":0,"k":100,"ix":5},"r":1,"bm":0,"nm":"填充 1","mn":"ADBE Vector Graphic - Fill","hd":false},{"ty":"tr","p":{"a":0,"k":[0,0],"ix":2},"a":{"a":0,"k":[0,0],"ix":1},"s":{"a":0,"k":[100,100],"ix":3},"r":{"a":0,"k":0,"ix":6},"o":{"a":0,"k":100,"ix":7},"sk":{"a":0,"k":0,"ix":4},"sa":{"a":0,"k":0,"ix":5},"nm":"变换"}],"nm":"路径","np":2,"cix":2,"bm":0,"ix":1,"mn":"ADBE Vector Group","hd":false}],"ip":0,"op":544,"st":0,"bm":0}]},{"id":"comp_5","layers":[{"ddd":0,"ind":1,"ty":4,"nm":"椭圆形备份 36","sr":1,"ks":{"o":{"a":0,"k":100,"ix":11},"r":{"a":1,"k":[{"i":{"x":[0.833],"y":[0.833]},"o":{"x":[0.167],"y":[0.167]},"t":91,"s":[0]},{"t":180,"s":[360]}],"ix":10},"p":{"a":1,"k":[{"i":{"x":0.833,"y":0.833},"o":{"x":0.167,"y":0.167},"t":91,"s":[168,183,0],"to":[0,-1,0],"ti":[0,2.083,0]},{"i":{"x":0.833,"y":0.833},"o":{"x":0.167,"y":0.167},"t":120,"s":[168,177,0],"to":[0,-2.083,0],"ti":[0,2,0]},{"i":{"x":0.833,"y":0.833},"o":{"x":0.167,"y":0.167},"t":151,"s":[168,170.5,0],"to":[0,-2,0],"ti":[0,0.917,0]},{"t":181,"s":[168,165,0]}],"ix":2},"a":{"a":0,"k":[0,0,0],"ix":1},"s":{"a":0,"k":[100,100,100],"ix":6}},"ao":0,"shapes":[{"ty":"gr","it":[{"d":1,"ty":"el","s":{"a":0,"k":[44,43],"ix":2},"p":{"a":0,"k":[0,0],"ix":3},"nm":"椭圆路径 1","mn":"ADBE Vector Shape - Ellipse","hd":false},{"ty":"fl","c":{"a":0,"k":[0.772549019608,0.890196078431,1,1],"ix":4},"o":{"a":0,"k":100,"ix":5},"r":1,"bm":0,"nm":"填充 1","mn":"ADBE Vector Graphic - Fill","hd":false},{"ty":"tr","p":{"a":0,"k":[0,0],"ix":2},"a":{"a":0,"k":[0,0],"ix":1},"s":{"a":0,"k":[100,100],"ix":3},"r":{"a":0,"k":0,"ix":6},"o":{"a":0,"k":100,"ix":7},"sk":{"a":0,"k":0,"ix":4},"sa":{"a":0,"k":0,"ix":5},"nm":"变换"}],"nm":"椭圆形备份 36","np":2,"cix":2,"bm":0,"ix":1,"mn":"ADBE Vector Group","hd":false}],"ip":-11,"op":542,"st":91,"bm":0},{"ddd":0,"ind":2,"ty":4,"nm":"椭圆形备份 35","sr":1,"ks":{"o":{"a":0,"k":100,"ix":11},"r":{"a":1,"k":[{"i":{"x":[0.833],"y":[0.833]},"o":{"x":[0.167],"y":[0.167]},"t":91,"s":[0]},{"t":181,"s":[877]}],"ix":10},"p":{"a":1,"k":[{"i":{"x":0.833,"y":0.833},"o":{"x":0.167,"y":0.167},"t":91,"s":[136,194,0],"to":[0,-0.75,0],"ti":[0,1.417,0]},{"i":{"x":0.833,"y":0.833},"o":{"x":0.167,"y":0.167},"t":121,"s":[136,189.5,0],"to":[0,-1.417,0],"ti":[0,1.917,0]},{"i":{"x":0.833,"y":0.833},"o":{"x":0.167,"y":0.167},"t":151,"s":[136,185.5,0],"to":[0,-1.917,0],"ti":[0,1.25,0]},{"t":181,"s":[136,178,0]}],"ix":2},"a":{"a":0,"k":[0,0,0],"ix":1},"s":{"a":0,"k":[100,100,100],"ix":6}},"ao":0,"shapes":[{"ty":"gr","it":[{"d":1,"ty":"el","s":{"a":0,"k":[50,49],"ix":2},"p":{"a":0,"k":[0,0],"ix":3},"nm":"椭圆路径 1","mn":"ADBE Vector Shape - Ellipse","hd":false},{"ty":"fl","c":{"a":0,"k":[0.772549019608,0.890196078431,1,1],"ix":4},"o":{"a":0,"k":100,"ix":5},"r":1,"bm":0,"nm":"填充 1","mn":"ADBE Vector Graphic - Fill","hd":false},{"ty":"tr","p":{"a":0,"k":[0,0],"ix":2},"a":{"a":0,"k":[0,0],"ix":1},"s":{"a":0,"k":[100,100],"ix":3},"r":{"a":0,"k":0,"ix":6},"o":{"a":0,"k":100,"ix":7},"sk":{"a":0,"k":0,"ix":4},"sa":{"a":0,"k":0,"ix":5},"nm":"变换"}],"nm":"椭圆形备份 35","np":2,"cix":2,"bm":0,"ix":1,"mn":"ADBE Vector Group","hd":false}],"ip":-11,"op":542,"st":91,"bm":0},{"ddd":0,"ind":3,"ty":4,"nm":"椭圆形备份 34","sr":1,"ks":{"o":{"a":0,"k":100,"ix":11},"r":{"a":1,"k":[{"i":{"x":[0.833],"y":[0.833]},"o":{"x":[0.167],"y":[0.167]},"t":91,"s":[0]},{"t":181,"s":[55]}],"ix":10},"p":{"a":1,"k":[{"i":{"x":0.833,"y":0.833},"o":{"x":0.167,"y":0.167},"t":91,"s":[93,190,0],"to":[0,-0.833,0],"ti":[0,1.833,0]},{"i":{"x":0.833,"y":0.833},"o":{"x":0.167,"y":0.167},"t":122,"s":[93,185,0],"to":[0,-1.833,0],"ti":[0,2,0]},{"i":{"x":0.833,"y":0.833},"o":{"x":0.167,"y":0.167},"t":152,"s":[93,179,0],"to":[0,-2,0],"ti":[0,1,0]},{"t":181,"s":[93,173,0]}],"ix":2},"a":{"a":0,"k":[0,0,0],"ix":1},"s":{"a":0,"k":[100,100,100],"ix":6}},"ao":0,"shapes":[{"ty":"gr","it":[{"d":1,"ty":"el","s":{"a":0,"k":[44,44],"ix":2},"p":{"a":0,"k":[0,0],"ix":3},"nm":"椭圆路径 1","mn":"ADBE Vector Shape - Ellipse","hd":false},{"ty":"fl","c":{"a":0,"k":[0.772549019608,0.890196078431,1,1],"ix":4},"o":{"a":0,"k":100,"ix":5},"r":1,"bm":0,"nm":"填充 1","mn":"ADBE Vector Graphic - Fill","hd":false},{"ty":"tr","p":{"a":0,"k":[0,0],"ix":2},"a":{"a":0,"k":[0,0],"ix":1},"s":{"a":0,"k":[100,100],"ix":3},"r":{"a":0,"k":0,"ix":6},"o":{"a":0,"k":100,"ix":7},"sk":{"a":0,"k":0,"ix":4},"sa":{"a":0,"k":0,"ix":5},"nm":"变换"}],"nm":"椭圆形备份 34","np":2,"cix":2,"bm":0,"ix":1,"mn":"ADBE Vector Group","hd":false}],"ip":-11,"op":542,"st":91,"bm":0},{"ddd":0,"ind":4,"ty":4,"nm":"椭圆形","sr":1,"ks":{"o":{"a":0,"k":100,"ix":11},"r":{"a":0,"k":0,"ix":10},"p":{"a":1,"k":[{"i":{"x":0.833,"y":0.833},"o":{"x":0.167,"y":0.167},"t":91,"s":[68.5,187,0],"to":[0,-1,0],"ti":[0,2,0]},{"i":{"x":0.833,"y":0.833},"o":{"x":0.167,"y":0.167},"t":121,"s":[68.5,181,0],"to":[0,-2,0],"ti":[0,2,0]},{"i":{"x":0.833,"y":0.833},"o":{"x":0.167,"y":0.167},"t":150,"s":[68.5,175,0],"to":[0,-2,0],"ti":[0,1,0]},{"t":181,"s":[68.5,169,0]}],"ix":2},"a":{"a":0,"k":[0,0,0],"ix":1},"s":{"a":0,"k":[100,100,100],"ix":6}},"ao":0,"shapes":[{"ty":"gr","it":[{"d":1,"ty":"el","s":{"a":0,"k":[35,35],"ix":2},"p":{"a":0,"k":[0,0],"ix":3},"nm":"椭圆路径 1","mn":"ADBE Vector Shape - Ellipse","hd":false},{"ty":"fl","c":{"a":0,"k":[0.772549019608,0.890196078431,1,1],"ix":4},"o":{"a":0,"k":100,"ix":5},"r":1,"bm":0,"nm":"填充 1","mn":"ADBE Vector Graphic - Fill","hd":false},{"ty":"tr","p":{"a":0,"k":[0,0],"ix":2},"a":{"a":0,"k":[0,0],"ix":1},"s":{"a":0,"k":[100,100],"ix":3},"r":{"a":0,"k":0,"ix":6},"o":{"a":0,"k":100,"ix":7},"sk":{"a":0,"k":0,"ix":4},"sa":{"a":0,"k":0,"ix":5},"nm":"变换"}],"nm":"椭圆形","np":2,"cix":2,"bm":0,"ix":1,"mn":"ADBE Vector Group","hd":false}],"ip":-11,"op":542,"st":91,"bm":0}]}],"layers":[{"ddd":0,"ind":1,"ty":4,"nm":"形状图层 3","sr":1,"ks":{"o":{"a":1,"k":[{"i":{"x":[0.833],"y":[0.833]},"o":{"x":[0.167],"y":[0.167]},"t":90,"s":[0]},{"i":{"x":[0.833],"y":[0.833]},"o":{"x":[0.167],"y":[0.167]},"t":178,"s":[0]},{"i":{"x":[0.833],"y":[0.833]},"o":{"x":[0.167],"y":[0.167]},"t":179,"s":[100]},{"i":{"x":[0.833],"y":[0.833]},"o":{"x":[0.167],"y":[0.167]},"t":207,"s":[100]},{"i":{"x":[0.833],"y":[0.833]},"o":{"x":[0.167],"y":[0.167]},"t":209,"s":[0]},{"i":{"x":[0.833],"y":[0.833]},"o":{"x":[0.167],"y":[0.167]},"t":239,"s":[0]},{"i":{"x":[0.833],"y":[0.833]},"o":{"x":[0.167],"y":[0.167]},"t":241,"s":[100]},{"i":{"x":[0.833],"y":[0.833]},"o":{"x":[0.167],"y":[0.167]},"t":267,"s":[100]},{"t":269,"s":[0]}],"ix":11},"r":{"a":0,"k":0,"ix":10},"p":{"a":1,"k":[{"i":{"x":0.833,"y":0.833},"o":{"x":0.167,"y":0.167},"t":179,"s":[86.323,157.953,0],"to":[-1.083,-65.458,0],"ti":[19.833,9.208,0]},{"i":{"x":0.833,"y":0.833},"o":{"x":0.167,"y":0.167},"t":209,"s":[64.823,74.203,0],"to":[-13.071,-6.069,0],"ti":[0.238,14.409,0]},{"i":{"x":0.833,"y":0.833},"o":{"x":0.167,"y":0.167},"t":239,"s":[86.323,157.953,0],"to":[-1.083,-65.458,0],"ti":[19.833,9.208,0]},{"t":269,"s":[64.823,74.203,0]}],"ix":2},"a":{"a":0,"k":[-40.324,-29.763,0],"ix":1},"s":{"a":0,"k":[45.078,45.078,100],"ix":6}},"ao":0,"shapes":[{"ty":"gr","it":[{"d":1,"ty":"el","s":{"a":0,"k":[13.93,13.93],"ix":2},"p":{"a":0,"k":[0,0],"ix":3},"nm":"椭圆路径 1","mn":"ADBE Vector Shape - Ellipse","hd":false},{"ty":"fl","c":{"a":0,"k":[0.737254901961,0.862745098039,1,1],"ix":4},"o":{"a":0,"k":100,"ix":5},"r":1,"bm":0,"nm":"填充 1","mn":"ADBE Vector Graphic - Fill","hd":false},{"ty":"tr","p":{"a":0,"k":[-41.373,-31.527],"ix":2},"a":{"a":0,"k":[0,0],"ix":1},"s":{"a":0,"k":[100,100],"ix":3},"r":{"a":0,"k":0,"ix":6},"o":{"a":0,"k":100,"ix":7},"sk":{"a":0,"k":0,"ix":4},"sa":{"a":0,"k":0,"ix":5},"nm":"变换"}],"nm":"椭圆 1","np":3,"cix":2,"bm":0,"ix":1,"mn":"ADBE Vector Group","hd":false}],"ip":90,"op":390,"st":90,"bm":0},{"ddd":0,"ind":2,"ty":4,"nm":"形状图层 2","sr":1,"ks":{"o":{"a":1,"k":[{"i":{"x":[0.833],"y":[0.833]},"o":{"x":[0.167],"y":[0.167]},"t":90,"s":[0]},{"i":{"x":[0.833],"y":[0.833]},"o":{"x":[0.167],"y":[0.167]},"t":178,"s":[0]},{"i":{"x":[0.833],"y":[0.833]},"o":{"x":[0.167],"y":[0.167]},"t":180,"s":[100]},{"i":{"x":[0.833],"y":[0.833]},"o":{"x":[0.167],"y":[0.167]},"t":205,"s":[99]},{"i":{"x":[0.833],"y":[0.833]},"o":{"x":[0.167],"y":[0.167]},"t":210,"s":[0]},{"i":{"x":[0.833],"y":[0.833]},"o":{"x":[0.167],"y":[0.167]},"t":241,"s":[0]},{"i":{"x":[0.833],"y":[0.833]},"o":{"x":[0.167],"y":[0.167]},"t":243,"s":[100]},{"i":{"x":[0.833],"y":[0.833]},"o":{"x":[0.167],"y":[0.167]},"t":266,"s":[99]},{"t":271,"s":[0]}],"ix":11},"r":{"a":0,"k":0,"ix":10},"p":{"a":1,"k":[{"i":{"x":0.833,"y":0.833},"o":{"x":0.167,"y":0.167},"t":180,"s":[139.751,150.359,0],"to":[-1.396,-6.938,0],"ti":[-39.104,16.438,0]},{"i":{"x":0.833,"y":0.833},"o":{"x":0.167,"y":0.167},"t":210,"s":[179.376,78.734,0],"to":[12.577,-5.287,0],"ti":[2.691,13.375,0]},{"i":{"x":0.833,"y":0.833},"o":{"x":0.167,"y":0.167},"t":241,"s":[139.751,150.359,0],"to":[-1.396,-6.938,0],"ti":[-39.104,16.438,0]},{"t":271,"s":[179.376,78.734,0]}],"ix":2},"a":{"a":0,"k":[-40.324,-29.763,0],"ix":1},"s":{"a":0,"k":[45.078,45.078,100],"ix":6}},"ao":0,"shapes":[{"ty":"gr","it":[{"d":1,"ty":"el","s":{"a":0,"k":[13.93,13.93],"ix":2},"p":{"a":0,"k":[0,0],"ix":3},"nm":"椭圆路径 1","mn":"ADBE Vector Shape - Ellipse","hd":false},{"ty":"fl","c":{"a":0,"k":[0.737254901961,0.862745098039,1,1],"ix":4},"o":{"a":0,"k":100,"ix":5},"r":1,"bm":0,"nm":"填充 1","mn":"ADBE Vector Graphic - Fill","hd":false},{"ty":"tr","p":{"a":0,"k":[-41.373,-31.527],"ix":2},"a":{"a":0,"k":[0,0],"ix":1},"s":{"a":0,"k":[100,100],"ix":3},"r":{"a":0,"k":0,"ix":6},"o":{"a":0,"k":100,"ix":7},"sk":{"a":0,"k":0,"ix":4},"sa":{"a":0,"k":0,"ix":5},"nm":"变换"}],"nm":"椭圆 1","np":3,"cix":2,"bm":0,"ix":1,"mn":"ADBE Vector Group","hd":false}],"ip":90,"op":390,"st":90,"bm":0},{"ddd":0,"ind":3,"ty":4,"nm":"形状图层 4","sr":1,"ks":{"o":{"a":1,"k":[{"i":{"x":[0.833],"y":[0.833]},"o":{"x":[0.167],"y":[0.167]},"t":90,"s":[0]},{"i":{"x":[0.833],"y":[0.833]},"o":{"x":[0.167],"y":[0.167]},"t":178,"s":[0]},{"i":{"x":[0.833],"y":[0.833]},"o":{"x":[0.167],"y":[0.167]},"t":180,"s":[100]},{"i":{"x":[0.833],"y":[0.833]},"o":{"x":[0.167],"y":[0.167]},"t":208,"s":[100]},{"i":{"x":[0.833],"y":[0.833]},"o":{"x":[0.167],"y":[0.167]},"t":210,"s":[0]},{"i":{"x":[0.833],"y":[0.833]},"o":{"x":[0.167],"y":[0.167]},"t":240,"s":[0]},{"i":{"x":[0.833],"y":[0.833]},"o":{"x":[0.167],"y":[0.167]},"t":242,"s":[100]},{"i":{"x":[0.833],"y":[0.833]},"o":{"x":[0.167],"y":[0.167]},"t":265,"s":[99]},{"t":270,"s":[0]}],"ix":11},"r":{"a":0,"k":0,"ix":10},"p":{"a":1,"k":[{"i":{"x":0.833,"y":0.833},"o":{"x":0.167,"y":0.167},"t":180,"s":[157.113,152.102,0],"to":[-0.393,-2.016,0],"ti":[-28.553,23.626,0]},{"i":{"x":0.833,"y":0.833},"o":{"x":0.167,"y":0.167},"t":206,"s":[170.5,109.614,0],"to":[1.696,-1.403,0],"ti":[-2.051,1.479,0]},{"i":{"x":0.833,"y":0.833},"o":{"x":0.167,"y":0.167},"t":210,"s":[171.113,109.29,0],"to":[9.051,-6.528,0],"ti":[2.137,10.953,0]},{"i":{"x":0.833,"y":0.833},"o":{"x":0.167,"y":0.167},"t":240,"s":[157.113,152.102,0],"to":[-0.393,-2.016,0],"ti":[-28.553,23.626,0]},{"i":{"x":0.833,"y":0.833},"o":{"x":0.167,"y":0.167},"t":266,"s":[170.5,109.614,0],"to":[1.696,-1.403,0],"ti":[-2.051,1.479,0]},{"t":270,"s":[171.113,109.29,0]}],"ix":2},"a":{"a":0,"k":[-40.324,-29.763,0],"ix":1},"s":{"a":0,"k":[45.078,45.078,100],"ix":6}},"ao":0,"shapes":[{"ty":"gr","it":[{"d":1,"ty":"el","s":{"a":0,"k":[13.93,13.93],"ix":2},"p":{"a":0,"k":[0,0],"ix":3},"nm":"椭圆路径 1","mn":"ADBE Vector Shape - Ellipse","hd":false},{"ty":"fl","c":{"a":0,"k":[0.737254901961,0.862745098039,1,1],"ix":4},"o":{"a":0,"k":100,"ix":5},"r":1,"bm":0,"nm":"填充 1","mn":"ADBE Vector Graphic - Fill","hd":false},{"ty":"tr","p":{"a":0,"k":[-41.373,-31.527],"ix":2},"a":{"a":0,"k":[0,0],"ix":1},"s":{"a":0,"k":[100,100],"ix":3},"r":{"a":0,"k":0,"ix":6},"o":{"a":0,"k":100,"ix":7},"sk":{"a":0,"k":0,"ix":4},"sa":{"a":0,"k":0,"ix":5},"nm":"变换"}],"nm":"椭圆 1","np":3,"cix":2,"bm":0,"ix":1,"mn":"ADBE Vector Group","hd":false}],"ip":90,"op":390,"st":90,"bm":0},{"ddd":0,"ind":4,"ty":4,"nm":"形状图层 1","sr":1,"ks":{"o":{"a":1,"k":[{"i":{"x":[0.833],"y":[0.833]},"o":{"x":[0.167],"y":[0.167]},"t":90,"s":[0]},{"i":{"x":[0.833],"y":[0.833]},"o":{"x":[0.167],"y":[0.167]},"t":178,"s":[0]},{"i":{"x":[0.833],"y":[0.833]},"o":{"x":[0.167],"y":[0.167]},"t":180,"s":[100]},{"i":{"x":[0.833],"y":[0.833]},"o":{"x":[0.167],"y":[0.167]},"t":201,"s":[100]},{"i":{"x":[0.833],"y":[0.833]},"o":{"x":[0.167],"y":[0.167]},"t":203,"s":[100]},{"i":{"x":[0.833],"y":[0.833]},"o":{"x":[0.167],"y":[0.167]},"t":206,"s":[0]},{"i":{"x":[0.833],"y":[0.833]},"o":{"x":[0.167],"y":[0.167]},"t":207,"s":[0]},{"i":{"x":[0.833],"y":[0.833]},"o":{"x":[0.167],"y":[0.167]},"t":240,"s":[0]},{"i":{"x":[0.833],"y":[0.833]},"o":{"x":[0.167],"y":[0.167]},"t":242,"s":[100]},{"i":{"x":[0.833],"y":[0.833]},"o":{"x":[0.167],"y":[0.167]},"t":263,"s":[100]},{"t":266,"s":[0]}],"ix":11},"r":{"a":0,"k":0,"ix":10},"p":{"a":1,"k":[{"i":{"x":0.833,"y":0.833},"o":{"x":0.167,"y":0.167},"t":180,"s":[92.428,154.939,0],"to":[0.042,0.625,0],"ti":[43.208,15.625,0]},{"i":{"x":0.833,"y":0.833},"o":{"x":0.167,"y":0.167},"t":210,"s":[52.178,118.189,0],"to":[-8.543,-3.089,0],"ti":[-0.604,-9.064,0]},{"i":{"x":0.833,"y":0.833},"o":{"x":0.167,"y":0.167},"t":240,"s":[92.428,154.939,0],"to":[0.042,0.625,0],"ti":[43.208,15.625,0]},{"t":270,"s":[52.178,118.189,0]}],"ix":2},"a":{"a":0,"k":[-41.122,-30.952,0],"ix":1},"s":{"a":0,"k":[58.078,58.078,100],"ix":6}},"ao":0,"shapes":[{"ty":"gr","it":[{"d":1,"ty":"el","s":{"a":0,"k":[13.93,13.93],"ix":2},"p":{"a":0,"k":[0,0],"ix":3},"nm":"椭圆路径 1","mn":"ADBE Vector Shape - Ellipse","hd":false},{"ty":"fl","c":{"a":0,"k":[0.737254901961,0.862745098039,1,1],"ix":4},"o":{"a":0,"k":100,"ix":5},"r":1,"bm":0,"nm":"填充 1","mn":"ADBE Vector Graphic - Fill","hd":false},{"ty":"tr","p":{"a":0,"k":[-41.373,-31.527],"ix":2},"a":{"a":0,"k":[0,0],"ix":1},"s":{"a":0,"k":[100,100],"ix":3},"r":{"a":0,"k":0,"ix":6},"o":{"a":0,"k":100,"ix":7},"sk":{"a":0,"k":0,"ix":4},"sa":{"a":0,"k":0,"ix":5},"nm":"变换"}],"nm":"椭圆 1","np":3,"cix":2,"bm":0,"ix":1,"mn":"ADBE Vector Group","hd":false}],"ip":90,"op":390,"st":90,"bm":0},{"ddd":0,"ind":5,"ty":0,"nm":"飞机","refId":"comp_0","sr":1,"ks":{"o":{"a":1,"k":[{"i":{"x":[0.833],"y":[0.833]},"o":{"x":[0.167],"y":[0.167]},"t":72,"s":[100]},{"i":{"x":[0.833],"y":[0.833]},"o":{"x":[0.167],"y":[0.167]},"t":99,"s":[100]},{"i":{"x":[0.833],"y":[0.833]},"o":{"x":[0.167],"y":[0.167]},"t":102,"s":[0]},{"i":{"x":[0.833],"y":[0.833]},"o":{"x":[0.167],"y":[0.167]},"t":133,"s":[100]},{"i":{"x":[0.833],"y":[0.833]},"o":{"x":[0.167],"y":[0.167]},"t":251,"s":[100]},{"i":{"x":[0.833],"y":[0.833]},"o":{"x":[0.167],"y":[0.167]},"t":252,"s":[100]},{"t":282,"s":[0]}],"ix":11},"r":{"a":0,"k":0,"ix":10},"p":{"a":1,"k":[{"i":{"x":0.833,"y":0.833},"o":{"x":0.167,"y":0.167},"t":0,"s":[120,108.5,0],"to":[0,-0.25,0],"ti":[0,1.045,0]},{"i":{"x":0.833,"y":0.833},"o":{"x":0.167,"y":0.167},"t":12,"s":[120,94.033,0],"to":[0,-0.051,0],"ti":[0,0.01,0]},{"i":{"x":0.833,"y":0.833},"o":{"x":0.167,"y":0.167},"t":16,"s":[120,94,0],"to":[0,-0.022,0],"ti":[0,-0.029,0]},{"i":{"x":0.833,"y":0.833},"o":{"x":0.167,"y":0.167},"t":20,"s":[120,94,0],"to":[0,0.036,0],"ti":[0,0.011,0]},{"i":{"x":0.833,"y":0.833},"o":{"x":0.167,"y":0.167},"t":24,"s":[120,94,0],"to":[0,-0.006,0],"ti":[0,0.03,0]},{"i":{"x":0.833,"y":0.833},"o":{"x":0.167,"y":0.167},"t":27,"s":[120,94,0],"to":[0,-0.047,0],"ti":[0,-0.017,0]},{"i":{"x":0.833,"y":0.833},"o":{"x":0.167,"y":0.167},"t":31,"s":[120,94,0],"to":[0,0.006,0],"ti":[0,-0.001,0]},{"i":{"x":0.833,"y":0.833},"o":{"x":0.167,"y":0.167},"t":33,"s":[120,94,0],"to":[0,0.001,0],"ti":[0,-0.037,0]},{"i":{"x":0.833,"y":0.833},"o":{"x":0.167,"y":0.167},"t":35,"s":[120,94,0],"to":[0,0.061,0],"ti":[0,0.08,0]},{"i":{"x":0.833,"y":0.833},"o":{"x":0.167,"y":0.167},"t":38,"s":[120,94,0],"to":[0,-0.048,0],"ti":[0,-0.011,0]},{"i":{"x":0.833,"y":0.833},"o":{"x":0.167,"y":0.167},"t":40,"s":[120,94,0],"to":[0,0.006,0],"ti":[0,-0.089,0]},{"i":{"x":0.833,"y":0.833},"o":{"x":0.167,"y":0.167},"t":42,"s":[120,94,0],"to":[0,0.32,0],"ti":[0,-0.355,0]},{"i":{"x":0.833,"y":0.833},"o":{"x":0.167,"y":0.167},"t":44,"s":[120,94,0],"to":[0,0.314,0],"ti":[0,0.114,0]},{"i":{"x":0.833,"y":0.833},"o":{"x":0.167,"y":0.167},"t":46,"s":[120,94,0],"to":[0,-0.087,0],"ti":[0,-0.085,0]},{"i":{"x":0.833,"y":0.833},"o":{"x":0.167,"y":0.167},"t":47,"s":[120,94,0],"to":[0,0.032,0],"ti":[0,-0.106,0]},{"i":{"x":0.833,"y":0.833},"o":{"x":0.167,"y":0.167},"t":48,"s":[120,94,0],"to":[0,0.362,0],"ti":[0,-0.388,0]},{"i":{"x":0.833,"y":0.833},"o":{"x":0.167,"y":0.167},"t":50,"s":[120,94,0],"to":[0,0.191,0],"ti":[0,-0.198,0]},{"i":{"x":0.833,"y":0.833},"o":{"x":0.167,"y":0.167},"t":51,"s":[120,94,0],"to":[0,0.195,0],"ti":[0,-0.202,0]},{"i":{"x":0.833,"y":0.833},"o":{"x":0.167,"y":0.167},"t":52,"s":[120,94,0],"to":[0,0.413,0],"ti":[0,0.213,0]},{"i":{"x":0.833,"y":0.833},"o":{"x":0.167,"y":0.167},"t":54,"s":[120,94,0],"to":[0,-0.079,0],"ti":[0,0.065,0]},{"i":{"x":0.833,"y":0.833},"o":{"x":0.167,"y":0.167},"t":55,"s":[120,94,0],"to":[0,-0.103,0],"ti":[0,-0.017,0]},{"i":{"x":0.833,"y":0.833},"o":{"x":0.167,"y":0.167},"t":56,"s":[120,94,0],"to":[0,0.01,0],"ti":[0,0.01,0]},{"i":{"x":0.833,"y":0.833},"o":{"x":0.167,"y":0.167},"t":57,"s":[120,94,0],"to":[0,-0.022,0],"ti":[0,-0.029,0]},{"i":{"x":0.833,"y":0.833},"o":{"x":0.167,"y":0.167},"t":61,"s":[120,94,0],"to":[0,0.036,0],"ti":[0,0.011,0]},{"i":{"x":0.833,"y":0.833},"o":{"x":0.167,"y":0.167},"t":65,"s":[120,94,0],"to":[0,-0.006,0],"ti":[0,0.03,0]},{"i":{"x":0.833,"y":0.833},"o":{"x":0.167,"y":0.167},"t":68,"s":[120,94,0],"to":[0,-0.047,0],"ti":[0,-0.017,0]},{"i":{"x":0.833,"y":0.833},"o":{"x":0.167,"y":0.167},"t":72,"s":[120,94,0],"to":[0,0.006,0],"ti":[0,-0.001,0]},{"i":{"x":0.833,"y":0.833},"o":{"x":0.167,"y":0.167},"t":74,"s":[120,94,0],"to":[0,0.001,0],"ti":[0,-0.037,0]},{"i":{"x":0.833,"y":0.833},"o":{"x":0.167,"y":0.167},"t":76,"s":[120,94,0],"to":[0,0.061,0],"ti":[0,0.08,0]},{"i":{"x":0.833,"y":0.833},"o":{"x":0.167,"y":0.167},"t":79,"s":[120,94,0],"to":[0,-0.048,0],"ti":[0,-0.011,0]},{"i":{"x":0.833,"y":0.833},"o":{"x":0.167,"y":0.167},"t":81,"s":[120,94,0],"to":[0,0.006,0],"ti":[0,-0.089,0]},{"i":{"x":0.833,"y":0.833},"o":{"x":0.167,"y":0.167},"t":83,"s":[120,94,0],"to":[0,0.32,0],"ti":[0,-0.355,0]},{"i":{"x":0.833,"y":0.833},"o":{"x":0.167,"y":0.167},"t":85,"s":[120,94,0],"to":[0,0.314,0],"ti":[0,0.114,0]},{"i":{"x":0.833,"y":0.833},"o":{"x":0.167,"y":0.167},"t":87,"s":[120,94,0],"to":[0,-0.087,0],"ti":[0,-0.085,0]},{"i":{"x":0.833,"y":0.833},"o":{"x":0.167,"y":0.167},"t":88,"s":[120,94,0],"to":[0,0.032,0],"ti":[0,-0.106,0]},{"i":{"x":0.833,"y":0.833},"o":{"x":0.167,"y":0.167},"t":89,"s":[120,94,0],"to":[0,0.362,0],"ti":[0,-0.388,0]},{"i":{"x":0.833,"y":0.833},"o":{"x":0.167,"y":0.167},"t":91,"s":[120,94,0],"to":[0,0.191,0],"ti":[0,-0.198,0]},{"i":{"x":0.833,"y":0.833},"o":{"x":0.167,"y":0.167},"t":92,"s":[120,94,0],"to":[0,0.195,0],"ti":[0,-0.202,0]},{"i":{"x":0.833,"y":0.833},"o":{"x":0.167,"y":0.167},"t":93,"s":[120,94,0],"to":[0,0.413,0],"ti":[0,0.213,0]},{"i":{"x":0.833,"y":0.833},"o":{"x":0.167,"y":0.167},"t":95,"s":[120,94,0],"to":[0,-0.079,0],"ti":[0,0.065,0]},{"i":{"x":0.833,"y":0.833},"o":{"x":0.167,"y":0.167},"t":96,"s":[120,94,0],"to":[0,-0.103,0],"ti":[0,-0.017,0]},{"i":{"x":0.833,"y":0.833},"o":{"x":0.167,"y":0.167},"t":97,"s":[120,94,0],"to":[0,0.01,0],"ti":[0,-0.159,0]},{"i":{"x":0.833,"y":0.833},"o":{"x":0.167,"y":0.167},"t":98,"s":[120,94,0],"to":[0,10.63,0],"ti":[0,-0.915,0]},{"i":{"x":0.833,"y":0.833},"o":{"x":0.167,"y":0.167},"t":102,"s":[120,124.5,0],"to":[0,2.078,0],"ti":[0,4.833,0]},{"i":{"x":0.833,"y":0.833},"o":{"x":0.167,"y":0.167},"t":133,"s":[120,106.5,0],"to":[0,-4.833,0],"ti":[0,1.833,0]},{"i":{"x":0.833,"y":0.833},"o":{"x":0.167,"y":0.167},"t":160,"s":[120,95.5,0],"to":[0,0,0],"ti":[0,0,0]},{"i":{"x":0.833,"y":0.833},"o":{"x":0.167,"y":0.167},"t":251,"s":[120,95.5,0],"to":[0,0,0],"ti":[0,0,0]},{"i":{"x":0.833,"y":0.833},"o":{"x":0.167,"y":0.167},"t":252,"s":[120,95.5,0],"to":[0,-4.833,0],"ti":[0,4.833,0]},{"t":282,"s":[120,66.5,0]}],"ix":2},"a":{"a":0,"k":[120,103,0],"ix":1},"s":{"a":0,"k":[100,100,100],"ix":6}},"ao":0,"w":240,"h":240,"ip":0,"op":391,"st":0,"bm":0},{"ddd":0,"ind":6,"ty":0,"nm":"预合成 8","refId":"comp_5","sr":1,"ks":{"o":{"a":1,"k":[{"i":{"x":[0.833],"y":[0.833]},"o":{"x":[0.167],"y":[0.167]},"t":0,"s":[0]},{"i":{"x":[0.833],"y":[0.833]},"o":{"x":[0.167],"y":[0.167]},"t":150,"s":[0]},{"i":{"x":[0.833],"y":[0.833]},"o":{"x":[0.167],"y":[0.167]},"t":153,"s":[100]},{"i":{"x":[0.833],"y":[0.833]},"o":{"x":[0.167],"y":[0.167]},"t":204,"s":[100]},{"i":{"x":[0.833],"y":[0.833]},"o":{"x":[0.167],"y":[0.167]},"t":299,"s":[100]},{"t":307,"s":[0]}],"ix":11},"r":{"a":0,"k":0,"ix":10},"p":{"a":0,"k":[121.5,106,0],"ix":2},"a":{"a":0,"k":[121.5,106,0],"ix":1},"s":{"a":0,"k":[100,100,100],"ix":6}},"ao":0,"hasMask":true,"masksProperties":[{"inv":false,"mode":"a","pt":{"a":0,"k":{"i":[[36.865,0],[0,-37.003],[-36.865,0],[0,37.003]],"o":[[-36.865,0],[0,37.003],[36.865,0],[0,-37.003]],"v":[[119.75,39],[53,106],[119.75,173],[186.5,106]],"c":true},"ix":1},"o":{"a":0,"k":100,"ix":3},"x":{"a":0,"k":0,"ix":4},"nm":"蒙版 1"}],"w":240,"h":240,"ip":0,"op":362,"st":0,"bm":0},{"ddd":0,"ind":7,"ty":4,"nm":"椭圆形备份 11","sr":1,"ks":{"o":{"a":0,"k":100,"ix":11},"r":{"a":0,"k":0,"ix":10},"p":{"a":0,"k":[119.929,105.929,0],"ix":2},"a":{"a":0,"k":[0,0,0],"ix":1},"s":{"a":0,"k":[100,100,100],"ix":6}},"ao":0,"shapes":[{"ty":"gr","it":[{"d":1,"ty":"el","s":{"a":0,"k":[133.846,133.846],"ix":2},"p":{"a":0,"k":[0,0],"ix":3},"nm":"椭圆路径 1","mn":"ADBE Vector Shape - Ellipse","hd":false},{"ty":"gf","o":{"a":0,"k":100,"ix":10},"r":1,"bm":0,"g":{"p":3,"k":{"a":0,"k":[0,0.922,0.973,1,0.5,0.961,0.986,1,1,1,1,1],"ix":9}},"s":{"a":0,"k":[0,-66.923],"ix":5},"e":{"a":0,"k":[0,66.923],"ix":6},"t":1,"nm":"Gradient Fill 1","mn":"ADBE Vector Graphic - G-Fill","hd":false},{"ty":"tr","p":{"a":0,"k":[0,0],"ix":2},"a":{"a":0,"k":[0,0],"ix":1},"s":{"a":0,"k":[100,100],"ix":3},"r":{"a":0,"k":0,"ix":6},"o":{"a":0,"k":100,"ix":7},"sk":{"a":0,"k":0,"ix":4},"sa":{"a":0,"k":0,"ix":5},"nm":"变换"}],"nm":"椭圆形备份 11","np":2,"cix":2,"bm":0,"ix":1,"mn":"ADBE Vector Group","hd":false}],"ip":0,"op":391,"st":0,"bm":0},{"ddd":0,"ind":8,"ty":4,"nm":"椭圆形备份 10","sr":1,"ks":{"o":{"a":0,"k":100,"ix":11},"r":{"a":0,"k":0,"ix":10},"p":{"a":0,"k":[119.929,105.929,0],"ix":2},"a":{"a":0,"k":[0,0,0],"ix":1},"s":{"a":0,"k":[100,100,100],"ix":6}},"ao":0,"shapes":[{"ty":"gr","it":[{"d":1,"ty":"el","s":{"a":0,"k":[142.426,142.426],"ix":2},"p":{"a":0,"k":[0,0],"ix":3},"nm":"椭圆路径 1","mn":"ADBE Vector Shape - Ellipse","hd":false},{"ty":"fl","c":{"a":0,"k":[0.121568627451,0.533333333333,0.929411764706,1],"ix":4},"o":{"a":0,"k":100,"ix":5},"r":1,"bm":0,"nm":"填充 1","mn":"ADBE Vector Graphic - Fill","hd":false},{"ty":"tr","p":{"a":0,"k":[0,0],"ix":2},"a":{"a":0,"k":[0,0],"ix":1},"s":{"a":0,"k":[100,100],"ix":3},"r":{"a":0,"k":0,"ix":6},"o":{"a":0,"k":100,"ix":7},"sk":{"a":0,"k":0,"ix":4},"sa":{"a":0,"k":0,"ix":5},"nm":"变换"}],"nm":"椭圆形备份 10","np":2,"cix":2,"bm":0,"ix":1,"mn":"ADBE Vector Group","hd":false}],"ip":0,"op":391,"st":0,"bm":0},{"ddd":0,"ind":9,"ty":4,"nm":"椭圆形","sr":1,"ks":{"o":{"a":0,"k":100,"ix":11},"r":{"a":0,"k":0,"ix":10},"p":{"a":0,"k":[119.5,105.5,0],"ix":2},"a":{"a":0,"k":[0,0,0],"ix":1},"s":{"a":0,"k":[100,100,100],"ix":6}},"ao":0,"shapes":[{"ty":"gr","it":[{"d":1,"ty":"el","s":{"a":0,"k":[145,145],"ix":2},"p":{"a":0,"k":[0,0],"ix":3},"nm":"椭圆路径 1","mn":"ADBE Vector Shape - Ellipse","hd":false},{"ty":"fl","c":{"a":0,"k":[0.552941176471,0.780392156863,1,1],"ix":4},"o":{"a":0,"k":100,"ix":5},"r":1,"bm":0,"nm":"填充 1","mn":"ADBE Vector Graphic - Fill","hd":false},{"ty":"tr","p":{"a":0,"k":[0,0],"ix":2},"a":{"a":0,"k":[0,0],"ix":1},"s":{"a":0,"k":[100,100],"ix":3},"r":{"a":0,"k":0,"ix":6},"o":{"a":0,"k":100,"ix":7},"sk":{"a":0,"k":0,"ix":4},"sa":{"a":0,"k":0,"ix":5},"nm":"变换"}],"nm":"椭圆形","np":2,"cix":2,"bm":0,"ix":1,"mn":"ADBE Vector Group","hd":false}],"ip":0,"op":391,"st":0,"bm":0}],"markers":[]}